Field;Tag;Name;Format;;0100;0100;0110;;0400;0410;Format;0306;0146;0506;0604;0360;0804;Format;from;to;Template;Tag;;Description;Origin;Method
1;;Présence deuxième bitmap;b8;1;C(1);C(1);C(1);1;C(1);C(1);;1;1;1;1;1;1;;;;;;;;;
2;;Numéro de porteur;LLVAR n...19;2;X;X;XQ;2;XQI;XQ;LVAR n...19;;2;;;;;n...19;;;70 or 77 ;5A;X;Application Primary Account Number (PAN);Card;primitive
3;;Code de traitement;n6;3;X;X;XQ;3;XQI;XQ;n2 n2 n2;;3;;;;;;;;;;;;Pos;
4;;Montant de la transaction;n12;4;X;X;X;4;X;XQ;n12;;4;;;;;n12;;;;9F02;;Amount  Authorised (Numeric);Terminal;constructed
7;;Date et heure de transmission;MMJJhhmmss n10;7;C(117);C(117);;7;XS;FS;MMJJhhmmss n10;;;;;;;MMJJhhmmss n10;;;;DF5A;;Transmission Date and Time;Application;constructed
11;;Numéro d'audit;n6;11;XS;XS;XQ;11;XS;XQ;n6;11;11;11;11;11;11;n6;;;;9F41;;Transaction Sequence Counter;Pos;constructed
12;;Heure locale de la transaction;hhmmss n6;12;XS;XS;FQ;12;XS;FQ;hhmmss n6;12;12;12;;;12;n6;;;;9F21;;Transaction Time;Pos;constructed
13;;Date locale de la transaction;MMJJ n4;13;XS;XS;FQ;13;XS;FQ;MMJJ n4;13;13;13;;;13;n6;2;6;;9A;;Transaction Date;Pos;constructed
14;;Date d'expiration ;AAMM n4;14;;X;FQ;14;CQI(104);FQ;AAMM n4;;14;;;;;b...19;0;19;70 or 77 ;57;;Track 2 Equivalent Data;Card;primitive
18;;Code activité de l'accepteur;n4;18;X;X;FQ;18;XQI;FQ;n4;18;;;;;;n4;;;;9F15;;Merchant Category Code (MCC);Terminal;primitive
21;;Code capacité du point d'acceptation ;;;;;;;;;an6;;;;21;;;;;;;;;;;
22;;Mode de lecture du système d'acceptation;n3;22;X;X;FQ;22;XQI;FQ;n3;;22;;;;;n2;;;;9F39;;Point-of-Service (POS) Entry Mode;Pos;constructed
23;;Numéro séquentiel de la carte;n3;23;C(84);;CQ(84);23;CQ(9);;n3;;23;;;;;n2;;;70 or 77 ;5F34;;Application Primary Account Number (PAN) Sequence Number (PSN);Card;primitive
24;;Code fonction;;;;;;;;;n3;;;;24;24;24;;;;;;;;;
25;;Conditions de la transaction au point de service /Code Raison ;n2;25;X;X;FQ;25;XQI;FQ;n2;;;;;;25;;;;;;;;;
26;;Contrôle transfert Accepteur-Acquéreur;;;;;;;;;n6;26;26;;26;;;;;;;;;;;
27;;Longueur du numéro d'autorisation;n1;27;C(7);C(7);;;;;n6;;;;;27;;;;;;;;;;
31;;Données à imprimer/afficher;;;;;;;;;LVAR ansc...255;31;;31;;;31;;;;;;;;;
31;01;Impression ;;;;;;;;;;01;;01;;;01;;;;;;;;;
31;02;Affichage ;;;;;;;;;;02;;02;;;02;;;;;;;;;
31;03;Impression et affichage ;;;;;;;;;;03;;03;;;03;;;;;;;;;
31;07;Impression pour l'accepteur uniquement;;;;;;;;;;07;;07;;;07;;;;;;;;;
31;08;Affichage pour l'accepteur uniquement;;;;;;;;;;08;;08;;;08;;;;;;;;;
31;09;Impression et affichage pour l'accepteur;;;;;;;;;;09;;09;;;09;;;;;;;;;
32;;Identification de l'organisme acquéreur;LLVAR n...11;32;X;X;XQ;32;XQI;XQ;LVAR n...11;;;;;;32;n6...11;;;;9F01;;Acquirer Identifier;Terminal;primitive
33;;Identification de l'organisme transmetteur;LLVAR n...11;33;C(21);C(21);FQ;33;C(21);FQ;LVAR n...11;;;;;;;;;;;;;;;
35;;Piste ISO 2;LLVAR z...37;35;C(12);C(128);;;;;LVAR z...37;;35;;;;;;;;;;;;;
37;;Numéro de référence d'archivage;an12;37;F;F;C(79);37;CRI(116);FQ;anp12;;37;;;;;;;;;;;;;
38;;Autorisation  réponse d'identification ;an6;38;;;C(10);38;CRI(10);;an6;;38;;;;;;;;;;;;;
39;;*Code réponse . . Code Action pour TLC;an2;39;;;XS;39;XS;XS;an4;39;39;39;39;39;39;;;;;;;;;
40;;Code service ;;;;;;;;;n3;;40;;;;;;;;;;;;;
41;;IDSA (IDentification du Système d'Acceptation);ans8;41;X;X;XQ;41;XQI;XQ;ans8;;;;;;41;an8;;;;9F1C;;Terminal Identification;Terminal;primitive
42;;Identification de l'accepteur de carte  ;ans15;42;X;X;XQ;42;XQI;XQ;ans15;;;;;;42;ans15;;;;9F16;;Merchant Identifier;Terminal;primitive
43;;Nom et adresse de l'accepteur de carte;ans40;43;F;F;FQ;43;FQI;FQ;ans40;;43;;;;;ans...40;;;;9F4E;;Merchant Name and Location;Terminal;primitive
44;;Données complémentaires de réponse;LLVAR ans...25;44;;;C(2);44;;C(2);LVAR ans...99;44;44;44;44;44;44;;;;;;;;;
44;AA;Champ erroné;ans4...8;AA;;;C(69);AA;;C(106);ans3...7;AA;AA;AA;AA ;AA;AA;;;;;;;;;
44;AB ;Erreur de sécurité;ans5;AB ;;;C(12);AB ;;C(12);;;;;;;;;;;;;;;;
44;AC ;Conversion de champ;ans...21;AC ;;;F;AC ;;F;ans...21;;AC;;;;;;;;;;;;;
44;AF ;Code activation service;ans1;AF ;;;F;AF ;;F;;;;;;;AF;;;;;;;;;
44;BB ;Numéro de téléphone ;ans...21;BB ;;;F;;;;;;;;;;;;;;;;;;;
44;BC ;Message à destination de l'initiateur de la transaction;ans...21;BC ;;;F;BC ;;F;ans...21;;BC;;;;;;;;;;;;;
44;CA ;Informations relatives au traitement du CVV/CVC;ans1;CA ;;;C(12);;;;;;;;;;;;;;;;;;;
44;CB ;Informations relatives au contrôle du cryptogramme ;ans1;CB ;;;C(12);;;;;;;;;;;;;;;;;;;
44;AH;Code gestion de transfert;;;;;;;;;n2;;AH;AH;;AH;;;;;;;;;;
44;AI;Code gestion de dialogue;;;;;;;;;n1;;;;;;AI;;;;;;;;;
44;AE;Code réponse de l'ouverture de dialogue et service;;;;;;;;;n2;;;;;;AE;;;;;;;;;
46;;Configuration du Système et des Points d'Acceptation;;;;;;;;;LVAR ansb...255;;46;;46;;46;;;;;;;;;
46;DF5F;Numéro de contrat accepteur;;;;;;;;;ans7;;;;;;DF5F;;;;;;;;;
46;DF51;Numéro logique du système d'acceptation.;;;;;;;;;ans3;;;;;;DF51;;;;;;;;;
46;DF5B;Numéro logique du point d'acceptation;;;;;;;;;ans3;;DF5B;;DF5B;;;;;;;;;;;
46;DF5E;IDSA (IDentification du Système d'Acceptation);;;;;;;;;ans8;;;;DF5E;;DF5E;;;;;;;;;
46;DF5C;IDPA (Identification du Point d'Acceptation) ;;;;;;;;;ans8;;DF5C;;DF5C;;;;;;;;;;;
46;DF5D;SIRET;;;;;;;;;ans14;;;;;;DF5D;;;;;;;;;
46;DF50;ITPSA (ITP du système d'acceptation );;;;;;;;;ans12;;;;DF50;;DF50;;;;;;;;;
46;DF96;Informations sur le point d'acceptation ;;;;;;;;;n1;;DF96;;DF96;;;;;;;;;;;
46;DF97; Niveau d'agrément PCI PED;;;;;;;;;ans3;;DF97;;DF97;;;;;;;;;;;
46;DF52;Type d'architecture du système d'acceptation;;;;;;;;;ans2;;;;DF52;;DF52;;;;;;;;;
46;DF54;Statut de l'application;;;;;;;;;ans1;;;;DF54;;DF54;;;;;;;;;
46;DF55;Compléments de données de référence du système d'acceptation ;;;;;;;;;s10;;;;DF55;;;;;;;;;;;
46;DF56;Complément de données de référence du point d'acceptation;;;;;;;;;s10;;;;DF56;;;;;;;;;;;
46;DF58;Paramètres de l'état fonctionnel;;;;;;;;;ans7;;;;DF58;;;;;;;;;;;
46;DF60;Dernière date/heure de mise en oeuvre des différents services;;;;;;;;;ans36;;;;DF60;;;;;;;;;;;
46;DF66;Données de référence du système d'acceptation;;;;;;;;;ans89;;;;DF66;;;;;;;;;;;
46;DF67;Données de référence du point d'acceptation ;;;;;;;;;ans79;;;;DF67;;;;;;;;;;;
46;DF92;Kernel ID ;;;;;;;;;b1;;;;DF92;;;;;;;;;;;
46;DF94;Complément d'information du numéro de série;;;;;;;;;ans1...10;;;;DF94;;;;;;;;;;;
46;DF65;Mode de raccordement courant du système d'acceptation;;;;;;;;;n2;;;;;;DF65;;;;;;;;;
47;;Données complémentaires nationales;LLLVAR ans...255;47;C(2);C(2);C(2);47;C(2);C(2);LVAR ans...255;47;47;47;;;47;;;;;;;;;
47;08;Type de site ;ans...8;08;C(63);C(63);FQ;08;CQI(104);FQ;;;;;;;;;;;;;;;;
47;24;Numéro de dossier ;anp12;24;C(47);C(47);CQ(47);24;CQI(104);CQ(9);anp12;;24;;;;;;;;;;;;Pos;
47;30;Capacité additionnelle de lecture de carte;n1;30;C(3);C(3);FQ;30;CQI(104);FQ;n1;;30;;;;;;;;;;;;;
47;31;Informations sur le point d'acceptation;n1;31;C(3);C(3);FQ;31;CQI(104);FQ;;;;;;;;;;;;;;;;
47;95;Données de réseau ;an...50;95;;;C(3);95;CRI(116);FQ;an...50;;95;;;;;;;;;;;;;
47;96;SIRET ;ans14;96;C(63);C(63);FQ;96;CQI(104);FQ;ans14;;;;;;;ans14;;;;DF5D;;;Application;
47;97;IDPA (Identification du Point d'Acceptation) ;ans8;97;C(63);C(63);FQ;97;CQI(104);FQ;ans8;;;;;;;ans8;;;;DF5C;;;Application;
47;A0;IDSA (Identification du Système d'Acceptation);ans8;A0;C(63);C(63);FQ;A0;CQI(104);FQ;ans8;;;;;;;ans8;;;;DF5E;;;Application;
47;02;Environnement réglementaire / technique de la transaction ;;;;;;;;;an2;02;;;;;;;;;;;;;;
47;06;Type de site;;;;;;;;;ans...8;06;;;;;06;;;;;;;;;
47;07;Année de la transaction;;;;;;;;;AA n2 ;07;07;07;;;07;;;;;;;;;
47;01;*Raison de la demande d'autorisation;;;;;;;;;n4;;01;;;;;;;;;;;;;
47;03;Type de facture/procédure;;;;;;;;;n1;;03;;;;;;;;;;;;;
47;04;Date et heure locale de la demande d'autorisation ;;;;;;;;;n12;;04;;;;;;;;;;;;;
47;05;Code forçage d'une transaction en autorisation ;;;;;;;;;n1;;05;;;;;;;;;;;;;
47;10;Numéro de la transaction généré par le système d'acceptation;;;;;;;;;n6;;10;;;;;;;;;;;;;
47;26;Type de transfert de fonds;;;;;;;;;an3;;26;;;;;;;;;;;;;
47;32;ITPPA (ITP du point d'acceptation);;;;;;;;;ans12;;32;;;;;;;;;;;;;
47;16;Fonctions de protocole supportées;;;;;;;;;an8;;;;;;16;;;;;;;;;
47;18;Code pays du système d'acceptation;;;;;;;;;n3;;;;;;18;;;;;;;;;
47;09;Nombre de transactions non abouties d'une remise;;;;;;;;;n6;;;09;;;;;;;;;;;;
47;48;TASA (Type d'Applicatif du Système d’Acceptation);;;;;;;;;b5...16;;;;;;48;;;;;;;;;
49;;Code monnaie de la transaction;n3;49;X;X;XQ;49;XQI;XQ;n3;49;;;;;;n3;;;;5F2A;;Transaction Currency Code;Terminal;constructed
50;;Code monnaie ou devise de la consolidation;n3;;;;;;;;n3;;;50;;;;;;;;;;;;
53;;Informations liées à la sécurité;n16;53;X;X;X;53;XS;XS;n16;;;;;;;;;;;;;;;constructed
54;;Montants supplémentaires;LLLVAR ans...120;54;;;C(118);;;;LVAR ans...120;;54;;;;;;;;;;;;;
54;51;Montant estimé ;;;;;;;;;an2;;51;;;;;;;;;;;;;
54;53;Montant d'un transaction en contre valeur ;;;;;;;;;an2;;53;;;;;;;;;;;;;
54;54;Montant d'autorisation;;;;;;;;;an2;;54;;;;;;;;;;;;;
54;57;Montant d'origine;;57;;;C(115);;;;an2;;57;;;;;;;;;;;;;
54;59;Montant autorisé;;;;;;;;;;;59;;;;;;;;;;;;;
55;;Données liées aux cartes à microcircuit;LLLVAR b...255;55;C(2);C(2);C(2);55;C(2);C(2);LVAR b...255;;55;;;;;;;;;;;;;
55;0056;Données équivalentes à la piste ISO1 lues en mode sans contact;ans...76;0056;;C(48);;;;;ans...76;;0056;;;;;;;;;56;;Track 1 Equivalent Data;Card;
55;0057;Track 2 equivalent data;b...19;0057;C(84);;;;;;;;;;;;;b...19;;;70 or 77 ;57;;Track 2 Equivalent Data;Card;primitive
55;0071;Issuer Script Template1 ;b...128;0071;;;C(24);;;;;;;;;;;b...128;;;;71;;Issuer Script Template 1;Issuer;constructed
55;0072;Issuer Script Template2;b...128;0072;;;C(24);;;;;;;;;;;b...128;;;;72;;Issuer Script Template 2;Issuer;constructed
55;0082;Application Interchange Profile (AIP) ;b2;0082;X;C(48);;;;;b2;;0082;;;;;b2;;;77 or 80 ;82;;Application Interchange Profile (AIP);Card;primitive
55;0091;Issuer Authentication Data ;b8...16;0091;;;C(24);;;;;;;;;;;b8...16;;;;91;;Issuer Authentication Data;Issuer;primitive
55;0095;Terminal Verification Results (TVR);b5;0095;X;;;0095;C(104);;;;;;;;;b5;;;;95;;Terminal Verification Results (TVR);Terminal;
55;009C;Transaction type ;n2;009C;X;;;009C;CQI(104);;;;;;;;;n2;;;;9C;;Transaction Type;Pos;primitive
55;5F24;Application expiration date ;AAMMJJ n6;5F24;X;;FQ;;;;AAMMJJ n6;;5F24;;;;;AAMMJJ n6;;;70 or 77 ;5F24;X;Application Expiration Date;Card;primitive
55;5F25;Application effective date ;AAMMJJ n6;;;;;;;;AAMMJJ n6;;5F25;;;;;AAMMJJ n6;;;70 or 77 ;5F25;;Application Effective Date;Card;primitive
55;9F06;Application Identifier (AID);b5...16;9F06;X;C(48);;9F06;CQI(104);;b5...16;;9F06;;;;;b5...16;;;;9F06;;Application Identifier (AID)  Terminal;Terminal;primitive
55;9F10;Issuer application data;b...32;9F10;C(84);;;9F10;C(104);;b...32;;9F10;;;;;b...32;;;77 or 80;9F10;;Issuer application data;Card;primitive
55;9F26;Application Cryptogram ;b8;9F26;X;;;;;;b8;;9F26;;;;;b8;;;77 or 80 ;9F26;;Application Cryptogram (AC);Card;constructed
55;9F27;Cryptogram Information Data (CID) ;b1;9F27;X;;;;;;b1;;9F27;;;;;b1;;;77 or 80 ;9F27;;Cryptogram Information Data (CID);Card;constructed
55;9F33;Terminal capabilities ;b3;9F33;X;C(101);;9F33;CQI(104);;;;;;;;;b 24;;;;9F33 ;;Terminal Capabilities;Terminal;constructed
55;9F34;Cardholder Verification Method Results;b3;9F34;C(29);;;;;;;;;;;;;b3;;;;9F34;;Cardholder Verification Method (CVM) Results;Terminal;constructed
55;9F35;Terminal type ;n2;9F35;C(3);C(3);;9F35;CQI(104);;;;;;;;;n2;;;;9F35 ;;Terminal Type;Terminal;constructed
55;9F36;Application Transaction Counter (ATC) ;b2;9F36;X;;;9F36;CQI(104);;b2;;9F36;;;;;b2;;;77 or 80 ;9F36;;Application Transaction Counter (ATC);Card;constructed
55;9F37;Unpredictable Number ;b4;9F37;X;;;;;;;;;;;;;b 4;;;;9F37 ;;Unpredictable Number (UN);Terminal;constructed
55;9F66;Terminal transaction qualifiers (TTQ);s4;9F66;C(48);;;9F66;CQI(104);;;;;;;;;b 32;;;;9F66;;Terminal Transaction Qualifiers (TTQ);Terminal;
55;9F6B;Données équivalentes à la piste ISO2 lues en mode sans contact;b...19;9F6B;C(48);C(48);;;;;b...19;;;;;;;b...19;;;;9F6B;;Track 2 Data;Card;
55;9F7C;Customer Exclusive Data (CED) ;b...32;9F7C;C(48);;;9F7C;CQI(104);;b...32;;;;;;;b...32;;;;9F7C;;Customer Exclusive Data (CED);Card;
55;DF68;Kernel ID utilisé;b1;DF68;C(48);C(48);;DF68;CQI(104);;;;;;;;;b1;;;61;9F2A;;Kernel Identifier;Card;primitive
55;DF80;Résultats des traitements effectués sur le microcircuit;n2;DF80;C(127);C(29);FQ;;;;;;DF80;;;;;;;;;;;;;
55;DF81;Type d'application carte ;n1;DF81;X;C(49);FQ;DF81;CQI(104);FQ;;;;;;;;;;;;;;;;
55;DF85;Résultat du traitement terminal (RTT);b5;DF85;C(48);;;DF85;C(104);;;;;;;;;;;;;;;;;
55;DF86;Dispositif sans contact ;b...35;DF86;C(48);C(48);;DF86;C(104);;b...35;;;;;;;;;;;;;;;
55;FF00;Issuer script results ;b...5;;;;;FF00;C(29);;;;;;;;;;;;;;;;;
55;9F0A;données cartes propriétaires assignées par EMV;b4...252;9F0A;C(84);C(84);;9F0A;CQI(104);;;;9F0A;;;;;;;;;;;;;
55;0084;Dedicated File Name (****SUPPRIMER BULLETIN JUIN);b5...16;0084;X;C(48);;0084;CQI(104);;;;;;;;;b5...16;;;6F ;84;;Dedicated File (DF) Name;Card;primitive
55;008E;CVM list (Cardholder Verification Method list) ;;;;;;;;;b...252;;008E;;;;;b10...252;;;70 or 77;8E;;Cardholder Verification Method (CVM) List;Card;primitive
55;009A;Terminal transaction date;;;;;;;;;AAMMJJ n6 ;;009A;;;;;AAMMJJ n6;;;;9A;;Transaction Date;Pos;primitive
55;9F02;Amount  authorized;;;;;;;;;n12;;9F02;;;;;n12;;;;9F02;;Amount  Authorised (Numeric);Terminal;primitive
55;9F07;Application usage control (AUC);;;;;;;;;b2;;9F07;;;;;b2;;;70 or 77 ;9F07;;Application Usage Control (AUC);Card;primitive
55;9F0D;Issuer action code default;;;;;;;;;b5;;9F0D;;;;;b5;;;70 or 77 ;9F0D;;Issuer Action Code - Default;Card;primitive
55;9F0E;Issuer action code denial ;;;;;;;;;b5;;9F0E;;;;;b5;;;70 or 77 ;9F0E;;Issuer Action Code - Denial;Card;primitive
55;9F0F;Issuer action code on-line;;;;;;;;;b5;;9F0F;;;;;b5;;;70 or 77 ;9F0F;;Issuer Action Code - Online;Card;primitive
55;DF70;Résultats des vérifications de l'applicatif CB effectués par le système d'acceptation ;;;;;;;;;an2;;DF70;;;;;;;;;;;;;
55;DF73;Type d'application carte;;;;;;;;;an1;;DF73;;;;;;;;;;;;;
56;;Données additionnelles;LLLVAR b...255;56;C(2);C(2);;56;C(2);;LLVAR n...36;;56;;;;;;;;;;;;;constructed
56;0001;Données facilitateur de paiement ;s27 {n11 n11 ans15};0001;C(3);C(3);;0001;CQI(104);;;;;;;;;;;;;;;;;
56;0002;Indicateur sélection application ;n2;0002;C(3);C(3);;0002;;;;;;;;;;;;;;;;;;
56;0003;Marque choisie ;b1;0003;C(3);C(3);;0003;CQI(104);;;;;;;;;;;;;;;;;
56;0005;Code produit carte SA;an3;0005;C(3);C(3);;0005;CQI(104);;;;;;;;;;;;;;;;;
58;;Réservé national;;;;;;;;;LVAR ansb...255;;58;58;58  ;58;;;;;;;;;;
58;0095;Terminal Verification Results (TVR);;;;;;;;;b5;;0095;0095;;;;b5;;;;95;;Terminal Verification Results (TVR);Terminal;
58;009C;Transaction type ;;;;;;;;;n2;;009C;009C;;;;n2;;;;9C;;Transaction Type;Pos;primitive
58;0409;Informations relatives au traitement du cryptogramme commerce électronique;;;;;;;;;anp1;;0409;;;;;;;;;;;;;
58;0410;Méthode d'authentification porteur utilisée par l'émetteur;;;;;;;;;ans2;;0410;;;;;;;;;;;;;
58;0411;Méthode de calcul du cryptogramme de commerce électronique;;;;;;;;;an1;;0411;;;;;;;;;;;;;
58;0412;Résultat de l'utilisation de l'architecture de paiement à distance sécurisé;;;;;;;;;s4;;0412;;;;;;;;;;;;;
58;0413;Mode de sécurisation de la transaction modifié ;;;;;;;;;b1;;0413;;;;;;;;;;;;;
58;0414;Données complémentaires de commerce électronique ;;;;;;;;;s3...40;;0414;;;;;;;;;;;;;
58;0415;Dénomination du portefeuille numérique;;;;;;;;;an2;;0415;;;;;;;;;;;;;
58;0416;Indicateur de commerce électronique;;;;;;;;;an2;;0416;;;;;;;;;;;;;
58;0417;Données additionnelles portefeuilles numériques ;;;;;;;;;an12...24;;0417;;;;;;;;;;;;;
58;0418;Identifiant wallet;;;;;;;;;n6;;0418;;;;;;;;;;;;;
58;0603;Agent Unique ID;;;;;;;;;an5;;0603;;;;;;;;;;;;;
58;0809;Type d'édition du ticket porteur;;;;;;;;;b1;;0809;;;;;;;;;;;;;
58;9F33;Terminal capabilities ;;;;;;;;;b3;;9F33;;;;;b3;;;;9F33 ;;Terminal Capabilities;Terminal;constructed
58;9F34;CVM results (Cardholder Verification Method results) ;;;;;;;;;b3;;9F34;;;;;b3;;;;9F34 ;;Cardholder Verification Method (CVM) Results;Terminal;constructed
58;9F35;Terminal type;;;;;;;;;n2;;;;9F35;;;n2;;;;9F35 ;;Terminal Type;Terminal;constructed
58;9F37;Unpredictable number terminal;;;;;;;;;b4;;9F37;;;;;b4;;;;9F37 ;;Unpredictable Number (UN);Terminal;constructed
58;9F66;Terminal Transaction Qualifiers (TTQ) ;;;;;;;;;s4;;9F66;;;;;b 32;;;;9F66 ;;Terminal Transaction Qualifiers (TTQ);Terminal;
58;DF30;Type de prise en compte;;;;;;;;;an1;;;;;DF30;;;;;;;;;;
58;DF31;Sceau;;;;;;;;;b1;;;;;DF31;;;;;;;;;;
58;DF32;Type de sceau;;;;;;;;;an2;;;;;DF32;;;;;;;;;;
58;DF85;Résultat du Traitement Terminal (RTT);;;;;;;;;b5;;DF85;;;;;;;;;;;;;
58;DF93;Kernel ID utilisé ;;;;;;;;;b1;;DF93;;;;;;;;;;;;;
58;FF0D;Terminal action code default;;;;;;;;;b5;;FF0D;;;;;b5;;;;DF56;;Terminal Action Code - Default;Terminal;primitive
58;FF0E;Terminal action code denial;;;;;;;;;b5;;FF0E;;;;;b5;;;;DF57;;Terminal Action Code - Denial;Terminal;primitive
58;FF0F;Terminal action code on-line ;;;;;;;;;b5;;FF0F;;;;;b5;;;;DF58;;Terminal Action Code - Online;Terminal;primitive
58;FF47;Type de sécurisation de transaction de commerce électronique ;;;;;;;;;n2;;FF47;;;;;;;;;;;;;
58;FF48;Identifiant transaction fourni par l'accepteur ;;;;;;;;;b20;;FF48;;;;;;;;;;;;;
58;FF49;Cryptogramme de commerce électronique ;;;;;;;;;b20...40;;FF49;;;;;;;;;;;;;
58;FF50;*Motif de la transaction non aboutie ;;;;;;;;;an2;;FF50;;;;;;;;;;;;;
58;FF81;Error Indication;;;;;;;;;b3;;FF81;;;;;;;;;;;;;
59;;Données nationales;LLLVAR b...255;59;C(2);C(2);C(2);59;C(2);C(2);LLVAR ansb...65535;;59;;;;;;;;;;;;;
59;0100;Code fonction;n3;0100;C(47);C(47);FQ;0100;CQI(104);;;;;;;;;;;;;;;;;constructed
59;0101;*Code raison du message;n4;0101;X;X;FQ;0101;XS;FQ;;;;;;;;;;;;;;;;constructed
59;0102;Année de la transaction ;n2;0102;XS;XS;CQ(95);0102;XS;FQ;;;;;;;;n6;0;2;;9A;;Transaction Date;Pos;primitive
59;0200;Environnement règlementaire et technique de la transaction;b1;0200;X;X;FQ;0200;XQI;FQ;;;;;;;;;;;;;;;;constructed
59;0201;ITPSA (ITP du système d'acceptation );n12;0201;X;X;FQ;0201;XQI;;;;;;;;;;;;;;;;Application;
59;0202;Numéro de contrat accepteur ;n7;0202;X;X;FQ;0202;XQI;FQ;;;;;;;;ans7;;;;DF5F;;Acceptor Contract Number;Application;
59;0203;Numéro logique du système d'acceptation ;n3;0203;X;X;FQ;0203;XQI;FQ;;;;;;;;ans3;;;;DF51;;;Application;
59;0204;Numéro logique du point d'acceptation;n3;0204;C(22);C(22);FQ;0204;CQI(104);;;;;;;;;ans3;;;;DF5B;;;Application;
59;0205;Code pays du système d'acceptation ;n3;0205;C(63);C(63);FQ;0205;CQI(104);;;;;;;;;n3;;;;9F1A;;Terminal Country Code;Terminal;primitive
59;0207;Montant cumulé par porteur;n12;0207;X;X;FQ;0207;XQI;FQ;;;;;;;;;;;;;;;;
59;020B;TASA (Type d'Applicatif du Système d’Acceptation);b5...16;020B;X;X;FQ;020B;XQI;;;;;;;;;b5...16;5;16;;48;;;;
59;0215;ITPPA (ITP du point d'acceptation );n12;0215;C(3);C(3);FQ;0215;CQI(104);;;;;;;;;;;;;;;;;
59;0417;Donnees additionnelles portefeuilles numeriques ;an12...24;;;;;0417;CQI(104);;;;;;;;;;;;;;;;;
59;0418;Identifiant wallet;n6;;;;;0418;CQI(104);;;;;;;;;;;;;;;;;
59;0800;Type de facture / procédure ;n2;0800;C(47);C(47);FQ;;;;;;;;;;;;;;;;;;;
59;0805;Services optionnels supportés (Domaine accepteur) ;b2;0805;C(3);C(3);;;;;;;;;;;;;;;;;;;;
59;0001;Données facilitateur de paiement ;;;;;;;;;s27;;0001;;;;;;;;;;;;;
59;0002;Indicateur sélection application;;;;;;;;;n2;;0002;;;;;;;;;;;;;
59;0003;Marque choisie ;;;;;;;;;n2;;0003;;;;;;;;;;;;;
59;0004;Adresse commerçant final ;;;;;;;;;ans40;;0004;;;;;;;;;;;;;
59;0005;Code Produit SA;;;;;;;;;an3;;0005;;;;;;;;;;;;;
66;;Code consolidation ;;;;;;;;;n1;;;66;;;;;;;;;;;;
67;;Gestion des Transferts;;;;;;;;;n4;;;;;;67;;;;;;;;;
70;;Gestion transfert (sens Accepteur- Acquéreur) ;;;;;;;;;n14;70;;70;;;;;;;;;;;;
71;;Gestion transfert (sens Acquéreur - Accepteur) ;;;;;;;;;n14;;;;;71;;;;;;;;;;
72;;Données transférées;;;;;;;;;LLVAR ansb...65535;;;;;72;;;;;;;;;;
72;DF01;Paramètres de la monnaie ou devise ;;;;;;;;;ans25;;;;;DF01;;;;;;;;;;
72;DF02;Paramètres messages porteur;;;;;;;;;ansc48;;;;;DF02;;;;;;;;;;
72;DF03;Paramètres messages accepteur;;;;;;;;;ansc48;;;;;DF03;;;;;;;;;;
72;DF04;Paramètres accepteur;;;;;;;;;ansc107;;;;;DF04;;;;;;;;;;
72;DF05;Paramètres d'édition du ticket porteur ;;;;;;;;;ansc100;;;;;DF05;;;;;;;;;;
72;DF06;Paramètres d'édition du ticket compte-rendu;;;;;;;;;ansc100;;;;;DF06;;;;;;;;;;
72;DF07;Paramètres applicatifs;;;;;;;;;an22;;;;;DF07;;;;;;;;;;
72;DF08;Paramètres d'appel;;;;;;;;;an17;;;;;DF08;;;;;;;;;;
72;DF09;Paramètres d'horodatage GMT;;;;;;;;;an29;;;;;DF09;;;;;;;;;;
72;DF0B;Paramètres autre monnaie ou devise ;;;;;;;;;an8;;;;;DF0B;;;;;;;;;;
72;DF0C;Paramètres risque acquéreur / Code numérique de la monnaie ou devise ;;;;;;;;;an3;;;;;DF0C;;;;;;;;;;
72;DF16;Paramètres liste des clés publiques d'authentification EMV;;;;;;;;;ansb12;;;;;DF16;;;;;;;;;;
72;DF17;Paramètres liste des AID EMV;;;;;;;;;s10...21;;;;;DF17;;;;;;;;;;
72;DF18;Liste des TAC EMV ;;;;;;;;;s21...32;;;;;DF18;;;;;;;;;;
72;DF19;Liste des données spécifiques par AID;;;;;;;;;s10...272;;;;;DF19;;;;;;;;;;
72;DF1A;DOL EMV par défaut pour une application carte EMV;;;;;;;;;s7....270;;;;;DF1A;;;;;;;;;;
72;DF1B;Paramètres d'appel aléatoire EMV ;;;;;;;;;s16....27;;;;;DF1B;;;;;;;;;;
72;DF1D;Paramètres liste de contrôle des numéros de carte porteur;;;;;;;;;s...12;;;;;DF1D;;;;;;;;;;
72;DF1E;Paramètres liste des BIN agréés CB;;;;;;;;;s...24;;;;;DF1E;;;;;;;;;;
72;DF1F;Liste des données complémentaires EMV pour télécollecte;;;;;;;;;b...255;;;;;DF1F;;;;;;;;;;
72;DF20;Paramètres accepteur / Mode facturation télécom;;;;;;;;;an1;;;;;DF20;;;;;;;;;;
72;DF21;Paramètres accepteur / Code activation mode appelé ;;;;;;;;;an1;;;;;DF21;;;;;;;;;;
72;DF22;Paramètres accepteur / SIRET;;;;;;;;;an14;;;;;DF22;;;;;;;;;;
72;DF23;Paramètres accepteur / Type de site;;;;;;;;;ans...8;;;;;DF23;;;;;;;;;;
72;DF24;Paramètres d'appel / Fonctionnement;;;;;;;;;an10;;;;;DF24;;;;;;;;;;
72;DF26;Paramètres risque acquéreur / Montant minimum accepté;;;;;;;;;an12;;;;;DF26;;;;;;;;;;
72;DF27;Paramètres risque acquéreur / Montant maximum accepté;;;;;;;;;an12;;;;;DF27;;;;;;;;;;
72;DF28;Paramètres risque acquéreur / Montant utilisé de double authentification porteur;;;;;;;;;an12;;;;;DF28;;;;;;;;;;
72;DF2A;Paramètres risque acquéreur / Valeur du service commercial ;;;;;;;;;an12;;;;;DF2A;;;;;;;;;;
72;DF2B;Paramètres risque acquéreur / Montant d'autorisation;;;;;;;;;an12;;;;;DF2B;;;;;;;;;;
72;DF2C;PTE 1 / Elément de contrôle d'accès au système acquéreur de téléchargement;;;;;;;;;ans...30;;;;;DF2C;;;;;;;;;;
72;DF2D;PTE 1 / Référence du logiciel à télécharge;;;;;;;;;ans...30;;;;;DF2D;;;;;;;;;;
72;DF2F;Paramètres liste clés publiques d'authentification EMV / Modulo clé RSA;;;;;;;;;b...256;;;;;DF2F;;;;;;;;;;
72;DF3A;Paramètres risque acquéreur / Montant maximum accepté pour une carte étrangère sur un automate;;;;;;;;;an12;;;;;DF3A;;;;;;;;;;
72;DF41;Paramètres de télécommunication acquéreur;;;;;;;;;s22...123;;;;;DF41;;;;;;;;;;
72;DF43;Paramètres d'appel télécommunication;;;;;;;;;s16;;;;;DF43;;;;;;;;;;
72;DF44;Paramètres de téléchargement enveloppe 2 ;;;;;;;;;s29;;;;;DF44;;;;;;;;;;
72;DF45;Identifiant pseudo-session étendu de l'accepteur de carte ;;;;;;;;;anscb...40;;;;;DF45;;;;;;;;;;
72;DF46;Données appel récurrent;;;;;;;;;ans10;;;;;DF46;;;;;;;;;;
72;DF47;Activations techniques ;;;;;;;;;b1...3;;;;;DF47;;;;;;;;;;
72;DF48;Libellé du réseau d'acceptation .;;;;;;;;;ans24;;;;;DF48;;;;;;;;;;
72;DF49;Produits carte désactivés;;;;;;;;;b7...20;;;;;DF49;;;;;;;;;;
72;DF87;Paramètres identifiants spécifiques au paiement sans contact;;;;;;;;;s8...19;;;;;DF87;;;;;;;;;;
72;DF88;Paramètres montants spécifiques au paiement sans contact;;;;;;;;;s27,33;;;;;DF88;;;;;;;;;;
72;DF89;Paramètres données complémentaires au paiement sans contact;;;;;;;;;s3;;;;;DF89;;;;;;;;;;
72;DF8A;Liste des TAC pour le paiement sans contact .;;;;;;;;;s15;;;;;DF8A;;;;;;;;;;
72;DF8B;Paramètres Dynamic Reader Limits pour le paiement sans contact;;;;;;;;;s26;;;;;DF8B;;;;;;;;;;
72;DF90;Activation fonctions ;;;;;;;;;b2;;;;;DF90;;;;;;;;;;
74;;Nombre de transactions de crédit;;;;;;;;;n10;;;74;;;;;;;;;;;;
76;;Nombre de transactions de débit;;;;;;;;;n10;;;76;;;;;;;;;;;;
77;;Nombre de transactions de débit annulées ;;;;;;;;;n10;;;77;;;;;;;;;;;;
86;;Montant total des transactions de crédit ;;;;;;;;;n16;;;86;;;;;;;;;;;;
88;;Montant total des transactions de débit ;;;;;;;;;n16;;;88;;;;;;;;;;;;
89;;Montant total des transactions de débit annulées;;;;;;;;;n16;;;89;;;;;;;;;;;;
90;;Elements de donnees originaux ;n42;;;;;90;XS;FQ;;;;;;;;;;;;;;;;
95;;Montant de remplacement;an42;;;;;95;XS;FQ;;;;;;;;;;;;;;;;
112;;Données transferts de fonds;LLLVAR ans...255;112;C(2);C(2);;112;C(2);;;;;;;;;;;;;;;;;
112;01;Données d'origine de la transaction;ans2...99;01;C(94);C(94);;01;C(94);;;;;;;;;;;;;;;;;
112;03;Identifiant du type d'application à l'origine de la transaction de transfert de fonds ;an2;03;C(94);C(94);;03;C(94);;;;;;;;;;;;;;;;;
;;;;;;;;;;;;;;;;;;;;;;;;;;
;;;;;;;;;;;;;;;;;;;;;;;;;;
;;;;;;;;;;;;;;;;;;;;;;;;;;
;;;;;;;;;;;;;;;;;;;;;;;;;;
;;;;;;;;;;;;;;;;;;;;;;;;;;
;;;;;;;;;;;;;;;;;;;;;;;;;;
