Name,Template,Tag,Origin,Format,Length(min),Length(max),P/C,Description
Application Identifier (ADF Name),61,4F,Card,b 40-128,5,16,primitive,The ADF Name identifies the application as described in [ISO 7816-5]. The AID is made up of the Registered Application Provider Identifier (RID) and the Proprietary Identifier Extension (PIX).
Object Identifier (OID),,06,,,,,,
Country code and national data,,41,,,,,,
Issuer Identification Number (IIN),BF0C or 73,42,Card,n 6,3,3,primitive,The number that identifies the major industry and the card issuer and that forms the first part of the Primary Account Number (PAN)
Card service data,,43,,,,,,
Initial access data,,44,,,,,,
Card issuer`s data,,45,,,,,,
Pre-issuing data,,46,,,,,,
Card capabilities,,47,,,,,,
Status information,,48,,,,,,
Application Label,61 or A5,50,Card,ans 1-16 (special characters limited to spaces),1,16,primitive,Mnemonic associated with AID according to [ISO 7816-5]. Used in application selection. Application Label is optional in the File Control Information (FCI) of an Application Definition File (ADF) and optional in an ADF directory entry.
Path,,51,Card,b,var.,var.,,A path may reference any file. It is a concatenation of file identifiers. The path begins with the identifier of a DF (the MF for an absolute path or the current DF for a relative path) and ends with the identifier of the file itself.
Command to perform,,52,Card,H,,,,
Discretionary data  discretionary template,,53,,,,,,
Track 1 Equivalent Data,,56,Card,,,,,
Track 1 Data,,56,,ans,0,76,constructed,Track 1 Data contains the data objects of the track 1 according to [ISO/IEC 7813] Structure B; excluding start sentinel; end sentinel and LRC. The Track 1 Data may be present in the file read using the READ RECORD command during a mag-stripe mode transaction.
Track 2 Equivalent Data,70 or 77,57,Card,b,0,19,primitive,Contains the data elements of track 2 according to ISO/IEC 7813; excluding start sentinel; end sentinel; and Longitudinal Redundancy Check (LRC); as follows: Primary Account Number; Field Separator (Hex 'D') Expiration Date (YYMM) Service Code; Discretionary Data (defined by individual payment systems); Pad with one Hex 'F' if needed to ensure whole bytes
Track 3 Equivalent Data,,58,Card,b,,,primitive,
Card expiration date,,59,Card,,,,,
Template  Dynamic Authentication,,60,,,,,,
Application Template,70,61,Card,b,var. up to 252,var. up to 252,constructed,Template containing one or more data objects relevant to an application directory entry according to [ISO 7816-5].
File Control Parameters (FCP) Template,,62,Card,variable,var. up to 252,var. up to 252,constructed,Identifies the FCP template according to ISO/IEC 7816-4
Wrapper,,63,,,,,,
Template  File Management Data (FMD),,64,,,,,,
Cardholder related data,,65,,,,,,
Template  Card data,,66,,,,,,
Template  Authentication data,,67,,,,,,
Special user requirements,,68,,,,,,
READ RECORD Response Message Template,,70,Card,variable,var. up to 252,var. up to 252,constructed,Contains the contents of the record read. (Mandatory for SFIs 1-10. Response messages for SFIs 11-30 are outside the scope of EMV; but may use template '70')
Issuer Script Template 1,,71,Issuer,b,var. up to 128,var. up to 128,constructed,Contains proprietary issuer data for transmission to the ICC before the second GENERATE AC command
Issuer Script Template 2,,72,Issuer,b,var. up to 128,var. up to 128,constructed,Contains proprietary issuer data for transmission to the ICC after the second GENERATE AC command
Directory Discretionary Template,61,73,Card,variable,0,252,constructed,Issuer discretionary part of the directory according to ISO/IEC 7816-5
Response Message Template Format 2,,77,Card,variable,var.,var.,constructed,Contains the data objects (with tags and lengths) returned by the ICC in response to a command
Compatible Tag Allocation Authority,,78,,,,,,
Coexistent Tag Allocation Authority,,79,,,,,,
Response Message Template Format 1,,80,Card,variable,var.,var.,primitive,Contains the data objects (without tags and lengths) returned by the ICC in response to a command
Amount  Authorised (Binary),,81,Terminal,b,4,4,primitive,Authorised amount of the transaction (excluding adjustments)
Application Interchange Profile (AIP),77 or 80,82,Card,b,2,2,primitive,Indicates the capabilities of the card to support specific functions in the application
Command Template,,83,Terminal,b,var.,var.,primitive,Identifies the data field of a command message
Dedicated File (DF) Name,6F,84,Card,b 40-128,5,16,primitive,Identifies the name of the DF as described in ISO/IEC 7816-4
Issuer Script Command,71 or 72,86,Issuer,b,var. up to 125,var. up to 125,primitive,Contains a command for transmission to the ICC
Application Priority Indicator,61 or A5,87,Card,b,1,1,primitive,Indicates the priority of a given application or group of applications in a directory
Short File Identifier (SFI),A5,88,Card,b 8,1,1,primitive,Identifies the AEF referenced in commands related to a given ADF or DDF. It is a binary data object having a value in the range 1 to 30 and with the three high order bits set to zero.
Authorisation Code,,89,Issuer,ans 6 (special characters limited to spaces),6,6,primitive,Nonzero value generated by the issuer for an approved transaction.
Issuer Public Key Certificate,70 or 77,90,Card,b 512-1984,var. 64-248,var. 64-248,primitive,Issuer public key certified by a certification authority
Issuer Authentication Data,,91,Issuer,b 64-128,var. up to 16,var. up to 16,primitive,Data sent to the ICC for online Issuer Authentication
Issuer Public Key Remainder,70 or 77,92,Card,b,var. (NI - NCA + 36),var. (NI - NCA + 36),primitive,Remaining digits of the Issuer Public Key Modulus
Signed Static Application Data (SAD),70 or 77,93,Card,b 512-1984,64,248,primitive,Digital signature on critical application parameters that is used in static data authentication (SDA).
Application File Locator (AFL),77 or 80,94,Card,b; var.; multiple of 4 between 4 and 252,4,252,primitive,Indicates the location (SFI range of records) of the Application Elementary Files associated with a particular AID; and read by the Kernel during a transaction.
Terminal Verification Results (TVR),,95,Terminal,b,5,5,,Status of the different functions as seen from the terminal
Transaction Certificate Data Object List (TDOL),70 or 77,97,Card,b,0,252,primitive,List of data objects (tag and length) to be used by the terminal in generating the TC Hash Value
Transaction Certificate (TC) Hash Value,,98,Terminal,b,20,20,primitive,Result of a hash function specified in Book 2; Annex B3.1
Transaction Personal Identification Number (PIN) Data,,99,Terminal,b,var.,var.,primitive,Data entered by the cardholder for the purpose of the PIN verification
Commitment (e.g.  a positive number less than the public RSA modulus in use),,6080,,,,,,
Challenge (e.g.  a number  possibly zero  less than the public RSA exponent in use),,6081,,,,,,
Response (e.g.  a positive number less than the public RSA modulus in use),,6082,,,,,,
Committed challenge (e.g.  the hash-code of a commitment data object),,6083,,,,,,
Authentication code (e.g.  the hash-code of one or more data fields and a commitment data object),,6084,,,,,,
Exponential (e.g.  a public positive number for establishing a session key by a DH method),,6085,,,,,,
Number of data bytes in the file  excluding structural information,,6280,,,,,,
Number of data bytes in the file  including structural information if any,,6281,,,,,,
File descriptor byte,,6282,,,,,,
File identifier,,6283,,,,,,
DF name,,6284,,,,,,
Proprietary information  primitive encoding (i.e.  not coded in BER-TLV),,6285,,,,,,
Security attribute in proprietary format,,6286,,,,,,
Identifier of an EF containing an extension of the file control information,,6287,,,,,,
Short EF identifier,,6288,,,,,,
Issuer Script Command,,7186,,,,,,
Extended header list,,4D,,,,,,
Application Primary Account Number (PAN),70 or 77,5A,Card,cn variable up to 19,0,10,primitive,Cardholder account number. READ RECORD For transactions where Offline Data Authentication is performed; the Application PAN is returned. For transactions where Offline Data Authentication is not performed; the Application PAN does not need to be returned.
Name of an individual,,5B,,,,,,
Tag list,,5C,,,,,,
Header list Deleted (see 9D),,5D,Terminal,H,,,,
Proprietary login data,,5E,,,,,,
Cardholder Name,70 or 77,5F20,Card,ans 2-26,2,26,primitive,Indicates cardholder name according to ISO 7813
Track 1  identical to the data coded,,5F21,Card,,,,,
Track 2  identical to the data coded,,5F22,Card,,,,,
Track 3  identical to the data coded,,5F23,Card,,,,,
Application Expiration Date,70 or 77,5F24,Card,n 6 (YYMMDD),3,3,primitive,Date after which application expires. The date is expressed in the YYMMDD format. For MasterCard applications; if the value of YY ranges from '00' to '49' the date reads 20YYMMDD. If the value of YY ranges from '50' to '99' the date reads 19YYMMDD.Date after which the card application expires. For transactions where Offline Data Authentication is performed; the Application Expiration Date is returned. For transactions where Offline Data Authentication is not performed; the Application Expiration Date does not need to be returned.
Application Effective Date,70 or 77,5F25,Card,n 6 (YYMMDD),3,3,primitive,Date from which the application may be used. The date is expressed in the YYMMDD format. For MasterCard branded applications if the value of YY ranges from '00' to '49' the date reads 20YYMMDD. If the value of YY ranges from '50' to '99'; the date reads 19YYMMDD.
Date  Card Effective,,5F26,,,,,,
Interchange control,,5F27,,,,,,
Issuer Country Code,70 or 77,5F28,Card,n 3,2,2,primitive,Indicates the country of the issuer according to ISO 3166-1
Interchange profile,,5F29,,,,,,
Transaction Currency Code,,5F2A,Terminal,n 3,2,2,primitive,Indicates the currency code of the transaction according to ISO 4217.Requested in CDOL1.
Date of birth,,5F2B,,,,,,
Cardholder nationality,,5F2C,,,,,,
Language Preference,A5,5F2D,Card,an 2,2,8,primitive,1-4 languages stored in order of preference; each represented by 2 alphabetical characters according to ISO 639
Cardholder biometric data,,5F2E,,,,,,
PIN usage policy,,5F2F,,,,,,
Service Code,70 or 77,5F30,Card,n 3,2,2,primitive,Service code as defined in ISO/IEC 7813 for Track 1 and Track 2
Transaction counter,,5F32,,,,,,
Date  Transaction,,5F33,,,,,,
Application Primary Account Number (PAN) Sequence Number (PSN),70 or 77,5F34,Card,n 2,1,1,primitive,Identifies and differentiates cards with the same Application PAN
Sex (ISO 5218),,5F35,,,,,primitive,Representation of human sexes through a language-neutral single-digit code (0 = not known; 1 = male; 2 = female; 9 = not applicable)
Transaction Currency Exponent,,5F36,Terminal,n 1,1,1,primitive,Identifies the decimal point position from the right of the transaction amount accordin to ISO 4217
Static internal authentication (one-step),,5F37,,,,,,
Static internal authentication - first associated data,,5F38,,,,,,
Static internal authentication - second associated data,,5F39,,,,,,
Dynamic internal authentication,,5F3A,,,,,,
Dynamic external authentication,,5F3B,,,,,,
Transaction Reference Currency Code,,5F3C,Terminal,b 2,1,1,,Identifies the common currency used by the terminal
Dynamic mutual authentication,,5F3C,,,,,,
Transaction Reference Currency Exponent,,5F3D,Terminal,n 1,1,1,,Identifies the decimal point position from the right of the terminal common currency
Cardholder portrait image,,5F40,,,,,,
Element list,,5F41,,,,,,
Address,,5F42,,,,,,
Cardholder handwritten signature image,,5F43,,,,,,
Application image,,5F44,,,,,,
Display message,,5F45,,,,,,
Timer,,5F46,,,,,,
Message reference,,5F47,,,,,,
Cardholder private key,,5F48,,,,,,
Cardholder public key,,5F49,,,,,,
Public key of certification authority,,5F4A,,,,,,
Deprecated (see note 2 below),,5F4B,,,,,,
Certificate holder authorization,,5F4C,,,,,,
Integrated circuit manufacturer identifier,,5F4D,,,,,,
Certificate content,,5F4E,,,,,,
Issuer Uniform resource locator (URL),BF0C or 73,5F50,Card,ans,var.,var.,primitive,The URL provides the location of the Issuer's Library Server on the Internet.
International Bank Account Number (IBAN),BF0C or 73,5F53,Card,variable,0,34,primitive,Uniquely identifies the account of a customer at a financial institution as defined in ISO 13616.
Bank Identifier Code (BIC),BF0C or 73,5F54,Card,variable,8 or 11,8 or 11,primitive,Uniquely identifies a bank as defined in ISO 9362.
Issuer Country Code (alpha2 format),BF0C or 73,5F55,Card,a 2,2,2,primitive,Indicates the country of the issuer as defined in ISO 3166 (using a 2 character alphabetic code)
Issuer Country Code (alpha3 format),BF0C or 73,5F56,Card,a 3,3,3,primitive,Indicates the country of the issuer as defined in ISO 3166 (using a 3 character alphabetic code)
Account Type,,5F57,Terminal,n 2,1,1,,Indicates the type of account selected on the terminal; coded as specified in Annex G
Template  Identification data,,60A0,,,,,,
Life cycle status byte (LCS),,628A,,,,,,
Security attribute referencing the expanded format,,628B,,,,,,
Security attribute in compact format,,628C,,,,,,
Identifier of an EF containing security environment templates,,628D,,,,,,
Template  Security attribute for data objects,,62A0,,,,,,
Template  Security attribute for physical interfaces,,62A1,,,,,,
One or more pairs of data objects  short EF identifier (tag 88) - absolute or relative path (tag 51),,62A2,,,,,,
Proprietary information  constructed encoding,,62A5,,,,,,
Security attribute in expanded format,,62AB,,,,,,
Identifier of a cryptographic mechanism,,62AC,,,,,,
Template  Login,,6A,,,,,,
Qualifier,,6A80,,,,,,
Telephone Number,,6A81,,,,,,
Text,,6A82,,,,,,
Delay indicators  for detecting an end of message,,6A83,,,,,,
Delay indicators  for detecting an absence of response,,6A84,,,,,,
Template  Qualified name,,6B,,,,,,
Qualified name,,6B06,,,,,,
Name,,6B80,,,,,,
Name,,6BA0,,,,,,
Template  Cardholder image,,6C,,,,,,
Template  Application image,,6D,,,,,,
Application related data,,6E,,,,,,
File Control Information (FCI) Template,,6F,Card,variable,0,252,constructed,Identifies the FCI template according to ISO/IEC 7816-4
Template  FCI A5,,6FA5,,,,,,
Issuer Script Identifier,,719F18,,,,,,
Template  Security Support (SS),,7A,,,,,,see 6.4
Card session counter,,7A80,,,,,,
Session identifier,,7A81,,,,,,
File selection counter,,7A82,,,,,,
File selection counter,,7A83,,,,,,
File selection counter,,7A84,,,,,,
File selection counter,,7A85,,,,,,
File selection counter,,7A86,,,,,,
File selection counter,,7A87,,,,,,
File selection counter,,7A88,,,,,,
File selection counter,,7A89,,,,,,
File selection counter,,7A8A,,,,,,
File selection counter,,7A8B,,,,,,
File selection counter,,7A8C,,,,,,
File selection counter,,7A8D,,,,,,
File selection counter,,7A8E,,,,,,
Digital signature counter,,7A93,,,,,,
Internal progression value ('X'-is a specific index  e.g.  an index referencing a counter of file selections),,7A9F2X,,,,,,
External progression value ('Y'-is a specific index  e.g.  an index referencing an external time stamp),,7A9F3Y,,,,,,
Template  Security Environment (SE),,7B,,,,,,see 6.5
SEID byte  mandatory,,7B80,,,,,,
LCS byte  optional,,7B8A,,,,,,
Control reference template (CRT),,7BA4,,,,,,see 6.3.1
Control reference template (CRT),,7BAA,,,,,,see 6.3.1
Cryptographic mechanism identifier template  optional,,7BAC,,,,,,
Control reference template (CRT),,7BB4,,,,,,see 6.3.1
Control reference template (CRT),,7BB6,,,,,,see 6.3.1
Control reference template (CRT),,7BB8,,,,,,see 6.3.1
Template  Secure Messaging (SM),,7D,,,,,,see 6
Plain value not coded in BER-TLV,,7D80,,,,,,
Plain value not coded in BER-TLV,,7D81,,,,,,
Cryptogram (plain value coded in BER-TLV and including secure messaging data objects),,7D82,,,,,,
Cryptogram (plain value coded in BER-TLV and including secure messaging data objects),,7D83,,,,,,
Cryptogram (plain value coded in BER-TLV  but not including secure messaging data objects),,7D84,,,,,,
Cryptogram (plain value coded in BER-TLV  but not including secure messaging data objects),,7D85,,,,,,
Padding-content indicator byte followed by cryptogram (plain value not coded in BER-TLV),,7D86,,,,,,
Padding-content indicator byte followed by cryptogram (plain value not coded in BER-TLV),,7D87,,,,,,
Cryptographic checksum (at least four bytes),,7D8E,,,,,,
Hash-code,,7D90,,,,,,
Hash-code,,7D91,,,,,,
Certificate (not BER-TLV coded data),,7D92,,,,,,
Certificate (not BER-TLV coded data),,7D93,,,,,,
Security environment identifier (SEID byte  see 6.5),,7D94,,,,,,
Security environment identifier (SEID byte  see 6.5),,7D95,,,,,,
Number Le in the unsecured command APDU (one or two bytes),,7D96,,,,,,
Number Le in the unsecured command APDU (one or two bytes),,7D97,,,,,,
Processing status of the secured response APDU (new SW1-SW2  two bytes),,7D99,,,,,,
Input data element for the computation of a digital signature (the value field is signed),,7D9A,,,,,,
Input data element for the computation of a digital signature (the value field is signed),,7D9B,,,,,,
Public key,,7D9C,,,,,,
Public key,,7D9D,,,,,,
Digital signature,,7D9E,,,,,,
Input template for the computation of a hash-code (the template is hashed),,7DA0,,,,,,
Input template for the computation of a hash-code (the template is hashed),,7DA1,,,,,,
Input template for the verification of a cryptographic checksum (the template is integrated),,7DA2,,,,,,
Control reference template for authentication (AT),,7DA4,,,,,,
Control reference template for authentication (AT),,7DA5,,,,,,
Input template for the verification of a digital signature (the template is signed),,7DA8,,,,,,
Template  Control reference for hash-code (HT),,7DAA,,,,,,
Template  Control reference for hash-code (HT),,7DAB,,,,,,
Input template for the computation of a digital signature (the concatenated value fields are signed),,7DAC,,,,,,
Input template for the computation of a digital signature (the concatenated value fields are signed),,7DAD,,,,,,
Input template for the computation of a certificate (the concatenated value fields are certified),,7DAE,,,,,,
Input template for the computation of a certificate (the concatenated value fields are certified),,7DAF,,,,,,
Plain value coded in BER-TLV and including secure messaging data objects,,7DB0,,,,,,
Plain value coded in BER-TLV and including secure messaging data objects,,7DB1,,,,,,
Plain value coded in BER-TLV  but not including secure messaging data objects,,7DB2,,,,,,
Plain value coded in BER-TLV  but not including secure messaging data objects,,7DB3,,,,,,
Control reference template for cryptographic checksum (CCT),,7DB4,,,,,,
Control reference template for cryptographic checksum (CCT),,7DB5,,,,,,
Control reference template for digital signature (DST),,7DB6,,,,,,
Control reference template for digital signature (DST),,7DB7,,,,,,
Control reference template for confidentiality (CT),,7DB8,,,,,,
Control reference template for confidentiality (CT),,7DB9,,,,,,
Response descriptor template,,7DBA,,,,,,
Response descriptor template,,7DBB,,,,,,
Input template for the computation of a digital signature (the template is signed),,7DBC,,,,,,
Input template for the computation of a digital signature (the template is signed),,7DBD,,,,,,
Input template for the verification of a certificate (the template is certified),,7DBE,,,,,,
Template  Nesting Interindustry data objects,,7E,,,,,,
Display control template,,7F20,,,,,,
Cardholder certificate,,7F21,,,,,,
Biometric data template,,7F2E,,,,,,
Template  Cardholder public key,,7F49,,,,,,
Algorithm reference as used in control reference data objects for secure messaging,,7F4980,,,,,,
RSA Modulus (a number denoted as n coded on x bytes)  or DSA First prime (a number denoted as p coded on y bytes)  or ECDSA Prime (a number denoted as p coded on z bytes),,7F4981,,,,,,
RSA Public exponent (a number denoted as v  e.g.  65537)  or DSA Second prime (a number denoted as q dividing p-1  e.g.  20 bytes)  or ECDSA First coefficient (a number denoted as a coded on z bytes),,7F4982,,,,,,
DSA Basis (a number denoted as g of order q coded on y bytes)  or ECDSA Second coefficient (a number denoted as b coded on z bytes),,7F4983,,,,,,
DSA Public key (a number denoted as y equal to g to the power x mod p where x is the private key coded on y bytes)  or ECDSA Generator (a point denoted as PB on the curve  coded on 2z bytes),,7F4984,,,,,,
ECDSA Order (a prime number denoted as q  order of the generator PB  coded on z bytes),,7F4985,,,,,,
ECDSA Public key (a point denoted as PP on the curve  equal to x times PB where x is the private key  coded on 2z bytes),,7F4986,,,,,,
Template  Certificate Holder Authorization,,7F4C,,,,,,
Certificate Body,,7F4E,,,,,,
Certificate Authority Reference,,7F4E42,,,,,,
Certificate Holder Reference,,7F4E5F20,,,,,,
Expiration Date  Certificate,,7F4E5F24,,,,,,
Effective Date  Certificate,,7F4E5F25,,,,,,
Certificate Profile Identifier,,7F4E5F29,,,,,,
Certificate Extensions,,7F4E65,,,,,,
Template  Biometric information,,7F60,,,,,,
Authorisation Response Code (ARC),,8A,Issuer/Terminal,an 2,2,2,primitive,Indicates the transaction disposition of the transaction received from the issuer for online authorisations.
Card Risk Management Data Object List 1 (CDOL1),70 or 77,8C,Card,b,0,252,primitive,List of data objects (tag and length) to be passed to the ICC in the first GENERATE AC command
Card Risk Management Data Object List 2 (CDOL2),70 or 77,8D,Card,b,var. up to 252,var. up to 252,primitive,List of data objects (tag and length) to be passed to the ICC in the second GENERATE AC command
Cardholder Verification Method (CVM) List,70 or 77,8E,Card,b,10,252,primitive,Identifies a method of verification of the cardholder supported by the application
Certification Authority Public Key Index (PKI),70 or 77,8F,Card,b 8,1,1,primitive,Identifies the certification authority's public key in conjunction with the RID
Transaction Date,,9A,Terminal,n 6 (YYMMDD),3,3,constructed,Local date that the transaction was authorised
Transaction Status Information (TSI),,9B,Terminal,b,2,2,primitive,Indicates the functions performed in a transaction
Transaction Type,,9C,POS,n 2,1,1,primitive,Indicates the type of financial transaction; represented by the first two digits of the ISO 8583:1987 Processing Code. Requested in CDOL1. Possible values are: - '00' for a purchase transaction - '01' for a cash advance transaction - '09' for a purchase with cashback - '20' for a refund transaction
Directory Definition File (DDF) Name,61,9D,Card,b,5,16,primitive,Identifies the name of a DF associated with a directory
Acquirer Identifier,,9F01,Terminal,n 6-11,6,11,primitive,Uniquely identifies the acquirer within each payment system
Amount  Authorised (Numeric),,9F02,Terminal,n 12,6,6,primitive,Authorised amount of the transaction (excluding adjustments). This amount is expressed with implicit decimal point corresponding to the minor unit of currency as defined by [ISO 4217] (for example the six bytes '00 00 00 00 01 23' represent USD 1.23 when the currency code is '840'). If the initial transaction amount needs to be replaced with a revised transaction amount; the Terminal must provide it before the chokepoint.
Amount  Other (Numeric),,9F03,Terminal,n 12,6,6,primitive,Secondary amount associated with the transaction representing a cash back amount. This amount is expressed with implicit decimal point corresponding to the minor unit of currency as defined by [ISO 4217] (for example the 6 bytes '00 00 00 00 01 23' represent GBP 1.23 when the currency code is '826').
Amount  Other (Binary),,9F04,Terminal,b,4,4,primitive,Secondary amount associated with the transaction representing a cashback amount
Application Discretionary Data,70 or 77,9F05,Card,b,1,32,primitive,Issuer or payment system specified data relating to the application
Application Identifier (AID)  Terminal,,9F06,Terminal,b,5,16,primitive,Identifies the application as described in ISO/IEC 7816-5
Application Usage Control (AUC),70 or 77,9F07,Card,b 16,2,2,primitive,Indicates issuer's specified restrictions on the geographic usage and services allowed for the application
Application Version Number,70 or 77,9F08,Card,b,2,2,primitive,Version number assigned by the payment system for the application in the Card
Application Version Number,,9F09,Terminal,b,2,2,primitive,Version number assigned by the payment system for the Kernel application
Cardholder Name - Extended,70 or 77,9F0B,Card,ans 27-45,27,45,primitive,Indicates the whole cardholder name when greater than 26 characters using the same coding convention as in ISO 7813
Issuer Action Code - Default,70 or 77,9F0D,Card,b,5,5,primitive,Specifies the issuer's conditions that cause a transaction to be rejected if it might have been approved online; but the terminal is unable to process the transaction online
Issuer Action Code - Default,70 or 77,9F0D,Card,b 40,5,5,primitive,Specifies conditions that cause a transaction to be declined if it might have been approved online; but the Reader is unable to process the transaction online.
Issuer Action Code - Denial,70 or 77,9F0E,Card,b 40,5,5,primitive,Specifies the issuer's conditions that cause the denial of a transaction without attempt to go online
Issuer Action Code - Online,70 or 77,9F0F,Card,b 40,5,5,primitive,Specifies the issuer's conditions that cause a transaction to be transmitted online
Issuer Application Data (IAD),77 or 80,9F10,Card,b,0,32,primitive,Note: For CCD-compliant applications; Annex C; section C7 defines the specific coding of the Issuer Application Data (IAD). To avoid potential conflicts with CCD-compliant applications; it is strongly recommended that the IAD data element in an application that is not CCD-compliant should not use the coding for a CCD-compliant application.
Issuer Code Table Index,A5,9F11,Card,n 2,1,1,primitive,Indicates the code table according to ISO/IEC 8859 for displaying the Application Preferred Name
Application Preferred Name,61 or A5,9F12,Card,ans 1-16,1,16,primitive,Preferred mnemonic associated with the AID
Last Online Application Transaction Counter (ATC) Register,,9F13,Card,b,2,2,primitive,ATC value of the last transaction that went online
Lower Consecutive Offline Limit (LCOL),70 or 77,9F14,Card,b,1,1,primitive,Issuer-specified preference for the maximum number of consecutive offline transactions for this ICC application allowed in a terminal with online capability
Merchant Category Code (MCC),,9F15,Terminal,n 4,2,2,primitive,Classifies the type of business being done by the merchant; represented according to ISO 8583:1993 for Card Acceptor Business Code
Merchant Identifier,,9F16,Terminal,ans 15,15,15,primitive,When concatenated with the Acquirer Identifier; uniquely identifies a given merchant
Personal Identification Number (PIN) Try Counter,,9F17,Card,b,1,1,primitive,Number of PIN tries remaining
Issuer Script Identifier,71 or 72,9F18,Issuer,b 32,4,4,primitive,May be sent in authorisation response from issuer when response contains Issuer Script. Assigned by the issuer to uniquely identify the Issuer Script.
Deleted (see 9F49),,9F19,,H,,,,
Terminal Country Code,,9F1A,Terminal,n 3,2,2,primitive,Indicates the country of the terminal; represented according to ISO 3166
Terminal Floor Limit,,9F1B,Terminal,b 32,4,4,primitive,Indicates the floor limit in the terminal in conjunction with the AID
Terminal Identification,,9F1C,Terminal,an 8,8,8,primitive,Designates the unique location of a Terminal at a merchant
Terminal Risk Management Data,,9F1D,Terminal,b,1,8,primitive,Application-specific value used by the card for risk management purposes
Interface Device (IFD) Serial Number,,9F1E,Terminal,an 8,8,8,primitive,Unique and permanent serial number assigned to the IFD by the manufacturer
Track 1 Discretionary Data,70 or 77,9F1F,Card,ans,var.,var.,primitive,Discretionary part of track 1 according to ISO/IEC 7813
Track 2 Discretionary Data,70 or 77,9F20,Card,cn,var.,var.,constructed,Discretionary part of track 2 according to ISO/IEC 7813
Transaction Time,,9F21,Terminal,n 6 (HHMMSS),3,3,constructed,Local time at which the transaction was performed.
Certification Authority Public Key Index (PKI),,9F22,Terminal,b 8,1,1,constructed,Identifies the Certificate Authority's public key in conjunction with the RID for use in offline static and dynamic data authentication.
Upper Consecutive Offline Limit (UCOL),70 or 77,9F23,Card,b,1,1,constructed,Issuer-specified preference for the maximum number of consecutive offline transactions for this ICC application allowed in a terminal without online capability
Payment Account Reference (PAR) generated or linked directly to the provision request in the token vault,,9F24,Card,ans 24,24,24,,Payment Account Reference: EMV contact and contactless chip specifications products may support PAR by assigning a unique EMV tag (9F24) to represent PAR. PAR SHALL be required personalisation data for payment tokens but will be optional for terminals to read and transmit.
Application Cryptogram (AC),77 or 80,9F26,Card,b 64,8,8,constructed,Cryptogram returned by the ICC in response of the GENERATE AC or RECOVER AC command
Cryptogram Information Data (CID),77 or 80,9F27,Card,b 8,1,1,constructed,Indicates the type of cryptogram and the actions to be performed by the terminal
Extended Selection,61,9F29,Card,b,var.,var.,,The value to be appended to the ADF Name in the data field of the SELECT command; if the Extended Selection Support flag is present and set to 1. Content is payment system proprietary.
Kernel Identifier,61,9F2A,Card,b,1,1,,Indicates the card's preference for the kernel on which the contactless application can be processed.
Integrated Circuit Card (ICC) PIN Encipherment Public Key Certificate,70 or 77,9F2D,Card,b,var. (NI),var. (NI),constructed,ICC PIN Encipherment Public Key certified by the issuer
Integrated Circuit Card (ICC) PIN Encipherment Public Key Exponent,70 or 77,9F2E,Card,b,1 or 3,1 or 3,constructed,ICC PIN Encipherment Public Key Exponent used for PIN encipherment
Integrated Circuit Card (ICC) PIN Encipherment Public Key Remainder,70 or 77,9F2F,Card,b,var. (NPE - NI + 42),var. (NPE - NI + 42),constructed,Remaining digits of the ICC PIN Encipherment Public Key Modulus
Issuer Public Key Exponent,70 or 77,9F32,Card,b,1,3,constructed,Issuer public key exponent used for the verification of the Signed Static Application Data and the ICC Public Key Certificate
Terminal Capabilities,,9F33,Terminal,b 24,3,3,constructed,Indicates the card data input; CVM; and security capabilities of the Terminal and Reader. The CVM capability (Byte 2) is instantiated with values depending on the transaction amount. The Terminal Capabilities is coded according to Annex A.2 of [EMV Book 4].
Cardholder Verification Method (CVM) Results,,9F34,Terminal,b,3,3,constructed,Indicates the results of the last CVM performed
Terminal Type,,9F35,Terminal,n 2,1,1,constructed,Indicates the environment of the terminal; its communications capability; and its operational control
Application Transaction Counter (ATC),77 or 80,9F36,Card,b,2,2,constructed,Counter maintained by the application in the ICC (incrementing the ATC is managed by the ICC)
Unpredictable Number (UN),,9F37,Terminal,b 32,4,4,constructed,Contains a Kernel challenge (random) to be used by the Card to ensure the variability and uniqueness to the generation of a cryptogram during an EMV mode transaction.
Processing Options Data Object List (PDOL),A5,9F38,Card,b,var.,var.,constructed,Contains a list of terminal resident data objects (tags and lengths) needed by the ICC in processing the GET PROCESSING OPTIONS command
Point-of-Service (POS) Entry Mode,,9F39,Terminal,n 2,1,1,constructed,Indicates the method by which the PAN was entered; according to the first two digits of the ISO 8583:1987 POS Entry Mode
Amount  Reference Currency (Binary),,9F3A,Terminal,b,4,4,constructed,Authorised amount expressed in the reference currency
Currency Code  Application Reference,70 or 77,9F3B,Card,n 3,2,8,constructed,1-4 currency codes used between the terminal and the ICC when the Transaction Currency Code is different from the Application Currency Code; each code is 3 digits according to ISO 4217
Currency Code  Transaction Reference,,9F3C,Terminal,n 3,2,2,constructed,Code defining the common currency used by the terminal in case the Transaction Currency Code is different from the Application Currency Code
Currency Exponent  Transaction Reference,,9F3D,Terminal,n 1,1,1,constructed,Indicates the implied position of the decimal point from the right of the transaction amount; with the Transaction Reference Currency Code represented according to ISO 4217
Additional Terminal Capabilities (ATC),,9F40,Terminal,b,5,5,primitive,Indicates the data input and output capabilities of the Terminal and Reader. The Additional Terminal Capabilities is coded according to Annex A.3 of [EMV Book 4].
Transaction Sequence Counter,,9F41,Terminal,n 4-8,2,4,primitive,Counter maintained by the terminal that is incremented by one for each transaction
Currency Code  Application,70 or 77,9F42,Card,n 3,2,2,primitive,Indicates the currency in which the account is managed according to ISO 4217
Currency Exponent  Application Reference,70 or 77,9F43,Card,n 1,1,4,primitive,Indicates the implied position of the decimal point from the right of the amount; for each of the 1-4 reference currencies represented according to ISO 4217
Currency Exponent  Application,70 or 77,9F44,Card,n 1,1,1,primitive,Indicates the implied position of the decimal point from the right of the amount represented according to ISO 4217
Data Authentication Code,,9F45,Terminal,b,2,2,primitive,An issuer assigned value that is retained by the terminal during the verification process of the Signed Static Application Data
Integrated Circuit Card (ICC) Public Key Certificate,70 or 77,9F46,Card,b,var. up to 128,var. up to 128,primitive,ICC Public Key certified by the issuer
Integrated Circuit Card (ICC) Public Key Exponent,70 or 77,9F47,Card,b,1,3,primitive,Exponent ICC Public Key Exponent used for the verification of the Signed Dynamic Application Data
Integrated Circuit Card (ICC) Public Key Remainder,70 or 77,9F48,Card,b,var. (NIC - NI + 42),var. (NIC - NI + 42),primitive,Remaining digits of the ICC Public Key Modulus
Dynamic Data Authentication Data Object List (DDOL),70 or 77,9F49,Card,b,0,252,primitive,List of data objects (tag and length) to be passed to the ICC in the INTERNAL AUTHENTICATE command
Static Data Authentication Tag List (SDA),70 or 77,9F4A,Card,-,var.,var.,primitive,List of tags of primitive data objects defined in this specification whose value fields are to be included in the Signed Static or Dynamic Application Data
Signed Dynamic Application Data (SDAD),77 or 80,9F4B,Card,b,var. (NIC),var. (NIC),primitive,Digital signature on critical application parameters for CDA
ICC Dynamic Number,,9F4C,Card,b,2,8,primitive,Time-variant number generated by the ICC; to be captured by the terminal
Log Entry,BF0C or 73,9F4D,Card,b,2,2,primitive,Provides the SFI of the Transaction Log file and its number of records
Merchant Name and Location,,9F4E,Terminal,ans,var.,var.,primitive,Indicates the name and location of the merchant
Log Format,,9F4F,Card,b,var.,var.,primitive,List (in tag and length format) of data objects representing the logged data elements that are passed to the terminal when a transaction log record is read
Offline Accumulator Balance,,9F50,,n 12,6,6,,Represents the amount of offline spending available in the Card. The Offline Accumulator Balance is retrievable by the GET DATA command; if allowed by the Card configuration. Indicates the CVM choice (already done or to be subsequently applied) for the transaction. Choice is made dynamically by card based on transaction context and card risk management configuration.
Application Currency Code DRDOL,,9F51,Card,b,var.,var.,,A data object in the Card that provides the Kernel with a list of data objects that must be passed to the Card in the data field of the RECOVER AC command.
Application Default Action (ADA),,9F52,Card,b,var.,var.,,
Terminal Compatibility Indicator,,9F52,Kernel 5,b,1,1,,Indicates to the card the transaction modes (EMV; Magstripe) supported by the Kernel
Consecutive Transaction Counter International Limit (CTCIL),,9F53,Card,b,var.,var.,,
Transaction Category Code,,9F53,Card,an,1,1,,This is a data object defined by MasterCard which indicates the type of transaction being performed; and which may be used in card risk management.
Terminal Interchange Profile (dynamic),,9F53,Kernel 5,b,3,3,,Defines the reader CVM requirement and capabilities; as well as other reader capabilities (online capability; contact EMV capability) for the Transaction
Cumulative Total Transaction Amount Limit (CTTAL),,9F54,Card,b,var.,var.,,
DS ODS Card,,9F54,Card,b,0,160,,Contains the Card stored operator proprietary data obtained in the response to the GET PROCESSING OPTIONS command.
Geographic Indicator,,9F55,Card,H,,,,
Issuer Authentication Flags,,9F55,Card,b,1,1,,
Issuer Authentication Indicator,,9F56,Card,H,,,,
Issuer Proprietary Bitmap,,9F56,Card,b,var.,var.,,
Issuer Country Code,,9F57,Card,b,var.,var.,,
Consecutive Transaction Counter Limit (CTCL),,9F58,Card,b,var.,var.,,
Consecutive Transaction Counter Upper Limit (CTCUL),,9F59,Card,b,var.,var.,,
Application Program Identifier (Program ID),,9F5A,Card,b,1,16,,Payment system proprietary data element identifying the Application Program ID of the card application. When personalised; the Application Program ID is returned in the FCI Issuer Discretionary Data of the SELECT response (Tag �BF0C'). EMV mode readers that support Dynamic Reader Limits (DRL) functionality examine the Application Program ID to determine the Reader Limit Set to apply.
Application Program Identifier (Program ID),,9F5A,Terminal,b,1,16,,Proprietary data element used by the device during Dynamic Reader Limit processing to determine the Reader Limit Set to apply for the transaction. EMV mode readers that support Dynamic Reader Limits (DRL) functionality support four or more Application Program Identifiers; each corresponding to a Reader Limit Set.
Issuer Script Results DSDOL,,9F5B,Terminal,b,var.,var.,,Indicates the results of Issuer Script processing. When the reader/terminal transmits this data element to the acquirer; in this version of Kernel 3; it is acceptable that only byte 1 is transmitted; although it is preferable for all five bytes to be transmitted. A data object in the Card that provides the Kernel with a list of data objects that must be passed to the Card in the data field of the GENERATE AC command after the CDOL1 Related Data. An example of value for DSDOL is 'DF6008DF6108DF6201DF63A0'; representing TLDS Input (Card) TLDS Digest H TLDS ODS Info TLDS ODS Term. The Kernel must not presume that this is a given though; as the sequence and presence of data objects can vary. The presence of TL DS ODS Info is mandated and the processing of the last TL entry in DSDOL is different from normal TL processing as described in section 4.1.4.
Cumulative Total Transaction Amount Upper Limit (CTTAUL),,9F5C,Card,n 12,6,6,,Visa proprietary data element specifying the maximum total amount of offline transactions in the designated currency or designated and secondary currency allowed for the card application before a transaction is declined after an online transaction is unable to be performed.
DS Requested Operator ID,,9F5C,Card,b,8,8,,Contains the Terminal determined operator identifier for data storage. It is sent to the Card in the GET PROCESSING OPTIONS command.
Magstripe Data Object List (MDOL),,9F5C,Card,b,var. up to 252,var. up to 252,,List of data objects (tag and length) to be passed to the card in the GET MAGSTRIPE DATA command.
Available Offline Spending Amount (AOSA),,9F5D,Card,n 12,6,6,,Kernel 3 proprietary data element indicating the remaining amount available to be spent offline. The AOSA is a calculated field used to allow the reader to print or display the amount of offline spend that is available on the card.
Application Capabilities Information (ACI),,9F5D,Card,b,3,3,,Lists a number of card features beyond regular payment.
Consecutive Transaction International Upper Limit (CTIUL),,9F5E,Card,b,var.,var.,,
DS ID,,9F5E,Card,n 16-22,8,11,,Data Storage Identifier constructed as follows: Application PAN (without any 'F' padding) Application PAN Sequence Number If necessary; it is padded to the left with one hexadecimal zero to ensure whole bytes. If necessary; it is padded to the left with hexadecimal zeroes to ensure a minimum length of 8 bytes.
DS Slot Availability,,9F5F,Card,b,1,1,,Contains the Card indication; obtained in the response to the GET PROCESSING OPTIONS command; about the slot type(s) available for data storage.
Offline Balance,,9F5F,Card,n 12,6,6,,In the case of a prepaid card; represents the value stored in card. May be returned in the GENERATE AC response.
CVC3 (Track1),,9F60,Card,b,2,2,,The CVC3 (Track1) is a 2-byte cryptogram returned by the Card in the response to the COMPUTE CRYPTOGRAPHIC CHECKSUM command.
Issuer Update Parameter,,9F60,Card,b,1,1,,Parameter from the ICC to indicate the behaviour/ergonomics (e.g. �present-and-hold� or �two presentments� or none) for processing the results of the online authorisation request.
P3 Generated 3DES KEYS,,9F60,Card,H,,,,
CVC3 (Track2),,9F61,Card,b,2,2,,The CVC3 (Track2) is a 2-byte cryptogram returned by the Card in the response to the COMPUTE CRYPTOGRAPHIC CHECKSUM command.
Encrypted PIN - ISO 95641 Format 0 (Thales P3 Format 01),,9F62,Card,H,,,,
PCVC3 (Track1),,9F62,,b,6,6,,PCVC3(Track1) indicates to the Kernel the positions in the discretionary data field of the Track 1 Data where the CVC3 (Track1) digits must be copied.
Offline Counter Initial Value,,9F63,Card,b,var.,var.,,
PUNATC (Track1),,9F63,,b,6,6,,PUNATC(Track1) indicates to the Kernel the positions in the discretionary data field of Track 1 Data where the Unpredictable Number (Numeric) digits and Application Transaction Counter digits have to be copied.
NATC (Track1),,9F64,Card,b,1,1,,The value of NATC(Track1) represents the number of digits of the Application Transaction Counter to be included in the discretionary data field of Track 1 Data.
PCVC3 (Track2),,9F65,,b,2,2,,PCVC3(Track2) indicates to the Kernel the positions in the discretionary data field of the Track 2 Data where the CVC3 (Track2) digits must be copied.
Terminal Transaction Qualifiers (TTQ),,9F66,Terminal,b 32,4,4,,Indicates reader capabilities; requirements; and preferences to the card. TTQ byte 2 bits 8-7 are transient values; and reset to zero at the beginning of the transaction. All other TTQ bits are static values; and not modified based on transaction conditions. TTQ byte 3 bit 7 shall be set by the acquirer-merchant to 1b.
PUNATC (Track2),,9F66,,b,2,2,,PUNATC(Track2) indicates to the Kernel the positions in the discretionary data field of Track 2 Data where the Unpredictable Number (Numeric) digits and Application Transaction Counter digits have to be copied.
MSD Offset,,9F67,Card,b,var.,var.,,
NATC (Track2),,9F67,Card,b,1,1,,The value of NATC(Track2) represents the number of digits of the Application Transaction Counter to be included in the discretionary data field of Track 2 Data.
Card Additional Processes,,9F68,Card,b,var.,var.,,
Card Authentication Related Data,,9F69,Card,b,5,16,,Contains the fDDA Version Number; Card Unpredictable Number; and Card Transaction Qualifiers. For transactions where fDDA is performed; the Card Authentication Related Data is returned in the last record specified by the Application File Locator for that transaction.
UDOL,,9F69,Card,b,var.,var.,,The UDOL is the DOL that specifies the data objects to be included in the data field of the COMPUTE CRYPTOGRAPHIC CHECKSUM command. The UDOL must at least include the Unpredictable Number (Numeric). The UDOL is not mandatory for the Card. If it is not present in the Card; then the Default UDOL is used.
Unpredictable Number (Numeric),,9F6A,Card,n 8,4,4,,Unpredictable number generated by the Kernel during a mag-stripe mode transaction. The Unpredictable Number (Numeric) is passed to the Card in the data field of the COMPUTE CRYPTOGRAPHIC CHECKSUM command. The 8-nUN most significant digits must be set to zero.
Card CVM Limit,,9F6B,Card,b,var.,var.,,
Track 2 Data,,9F6B,Card,b,0,19,,Track 2 Data contains the data objects of the track 2 according to [ISO/IEC 7813]; excluding start sentinel; end sentinel and LRC. The Track 2 Data is present in the file read using the READ RECORD command during a mag-stripe mode transaction.
Card Transaction Qualifiers (CTQ),,9F6C,Card,b 16,2,2,,In this version of the specification; used to indicate to the device the card CVM requirements; issuer preferences; and card capabilities.
VLP Reset Threshold,,9F6D,Card,b,var.,var.,,
Mag-stripe Application Version Number (Reader),,9F6D,Card,b,2,2,,Version number assigned by the payment system for the specific mag-stripe mode functionality of the Kernel.
Kernel 4 Reader Capabilities,,9F6D,Terminal,n 2,1,1,,A proprietary data element with bits 8; 7; and 4 only used to indicate a terminal's capability to support Kernel 4 mag-stripe or EMV contactless. This data element is OR'd with Terminal Type; Tag '9F35'; resulting in a modified Tag '9F35'; which is passed to the card when requested.
Third Party Data,,9F6E,Card,b,5,32,,The Third Party Data contains various information; possibly including information from a third party. If present in the Card; the Third Party Data must be returned in a file read using the READ RECORD command or in the File Control Information Template. 'Device Type' is present when the most significant bit of byte 1 of 'Unique Identifier' is set to 0b. In this case; the maximum length of 'Proprietary Data' is 26 bytes. Otherwise it is 28 bytes.
Form Factor Indicator (qVSDC),,9F6E,Card/Terminal,b 32,4,4,,Indicates the form factor of the consumer payment device and the type of contactless interface over which the transaction was conducted. This information is made available to the issuer host.
Form Factor Indicator (FFI),,9F6E,Card/Terminal,b 32,4,4,,Indicates the form factor of the consumer payment device and the type of contactless interface over which the transaction was conducted. This information is made available to the issuer host.
DS Slot Management Control,,9F6F,Card,b,1,1,,Contains the Card indication; obtained in the response to the GET PROCESSING OPTIONS command; about the status of the slot containing data associated to the DS Requested Operator ID.
Card Interface Capabilities,,9F70,Card,b 16,2,2,,Data element indicating other interfaces supported by the device.
Protected Data Envelope 1,,9F70,,b,0,192,,The Protected Data Envelopes contain proprietary information from the issuer; payment system or third party. The Protected Data Envelope can be retrieved with the GET DATA command. Updating the Protected Data Envelope with the PUT DATA command requires secure messaging and is outside the scope of this specification.
Mobile CVM Results,,9F71,Card,b 32,4,4,,Proprietary data element returned from the Card in the GET PROCESSING OPTIONS response; indicating the status of Mobile CVM entry.
Protected Data Envelope 2,,9F71,,b,0,192,,Same as Protected Data Envelope 1.
Consecutive Transaction Limit (International�Country),,9F72,Card,b,1,1,,Visa proprietary data element specifying the maximum number of the consecutive offline international (those not in the country of issue) transactions allowed for that card application before a transaction goes online.
Protected Data Envelope 3,,9F72,,b,0,192,,Same as Protected Data Envelope 1.
Currency Conversion Parameters,,9F73,Card,n 8,4,4,,A decimal value used in a conversion algorithm to convert the Secondary Application Currency Code to the card's domestic (Application Currency Code). Issuer Script may be used to modify this data element.
Protected Data Envelope 4,,9F73,,b,0,192,,Same as Protected Data Envelope 1.
VLP Issuer Authorisation Code,,9F74,Card,a 6,6,6,,A Visa proprietary data element containing a code indicating that the transaction was an approved VLP transaction. If present indicates offline approval from card.
Protected Data Envelope 5,,9F74,,b,0,192,,Same as Protected Data Envelope 1.
Unprotected Data Envelope 1,,9F75,Card,b,0,192,,The Unprotected Data Envelopes contain proprietary information from the issuer; payment system or third party. Unprotected Data Envelopes can be retrieved with the GET DATA command and can be updated with the PUT DATA (CLA='80') command without secure messaging.
Cumulative Total Transaction Amount Limit-Dual Currency,,9F75,Card,n 12,6,6,,Visa proprietary data element specifying the upper limit of the total amount of offline domestic transactions in the designated currency (Application Currency Code) and a secondary currency (Secondary Application Currency Code) allowed for that card application before a transaction is forced to go online. This limit is in the designated currency.
Unprotected Data Envelope 2,,9F76,Card,b,0,192,,Same as Unprotected Data Envelope 1.
Secondary Application Currency Code,,9F76,Card,n 3,2,2,,Indicates a secondary currency to be converted to the designated currency in which the account is managed (Application Currency Code) according to ISO 4217.
Unprotected Data Envelope 3,,9F77,Card,b,0,192,,Same as Unprotected Data Envelope 1.
VLP Funds Limit,,9F77,Card,b,var.,var.,,A Visa proprietary data element; Issuer Limit for VLP available funds; is used to reset VLP Available Funds after an online approved transaction.
Unprotected Data Envelope 4,,9F78,Card,b,0,192,,Same as Unprotected Data Envelope 1.
VLP Single Transaction Limit,,9F78,Card,b,var.,var.,,A Visa proprietary data element indicating the maximum amount allowed for single VLP transaction
Unprotected Data Envelope 5,,9F79,Card,b,0,192,,Same as Unprotected Data Envelope 1.
VLP Available Funds,,9F79,Card,b,var.,var.,,A counter that is decremented by the Amount Authorized when a VLP transaction is approved.
VLP Terminal Support Indicator,,9F7A,Terminal,n 1,1,1,,If present indicates offline and/or online support. If absent indicates online only support
VLP Terminal Transaction Limit,,9F7B,Terminal,H,,,,
Customer Exclusive Data (CED),,9F7C,Card,b,var. up to 32,var. up to 32,,Contains data for transmission to the issuer.
DS Summary 1,,9F7D,Card,b,8,16,,Contains the Card indication; obtained in the response to the GET PROCESSING OPTIONS command; about either the stored summary associated with DS ODS Card if present; or about a default zero-filled summary if DS ODS Card is not present and DS Unpredictable Number is present.
VISA Applet Data,,9F7D,Card,H,,,,
Mobile Support Indicator,,9F7E,Card,b,1,1,,The Mobile Support Indicator informs the Card that the Kernel supports extensions for mobile and requires on device cardholder verification.
Application life cycle data (8 first bytes),,9F7E,Card,H,,,,
DS Unpredictable Number,,9F7F,Card,b,4,4,,Contains the Card challenge (random); obtained in the response to the GET PROCESSING OPTIONS command; to be used by the Terminal in the summary calculation when providing DS ODS Term.
Card Production Life Cycle (CPLC) Data,,9F7F,Card,H,,,,
File Control Information (FCI) Proprietary Template,6F,A5,Card,variable,var.,var.,constructed,Identifies the data object proprietary to this specification in the FCI template according to ISO/IEC 7816-4
File Control Information (FCI) Proprietary Template,6F,A5,Card,variable,var.,var.,constructed,Identifies the data object proprietary to this specification in the FCI template according to ISO/IEC 7816-4
File Control Information (FCI) Proprietary Template,6F,A5,Card,variable,var.,var.,constructed,Identifies the data object proprietary to this specification in the FCI template according to ISO/IEC 7816-4
Name,Template,ag,Source,Format,Length (min),Length (max),P/C,Description
File Control Information (FCI) Issuer Discretionary Data,A5,BF0C,Card,variable,0,222,primitive,Issuer discretionary part of the File Control Information Proprietary Template.
Visa Fleet - CDO,,BF50,Card,H,,,,
Integrated Data Storage Record Update Template,,BF60,Data Exchange,b,var.,var.,,Part of the command data for the EXTENDED GET PROCESSING OPTIONS command. The IDS Record Update Template contains data to be updated in one or more IDS Records.
Card issuer action code -decline,,C3,Card,H,,,,
Card issuer action code -default,,C4,Card,H,,,,
Card issuer action code online,,C5,Card,H,,,,
PIN Try Limit,,C6,Card,H,,,,
CDOL 1 Related Data Length,,C7,Card,H,,,,
Card risk management country code,,C8,Card,H,,,,
Card risk management currency code,,C9,Card,H,,,,
Lower cummulative offline transaction amount,,CA,Card,H,,,,
Upper cumulative offline transaction amount,,CB,Card,H,,,,
Card Issuer Action Code (PayPass) - Default,,CD,Card,H,3,3,,
Card Issuer Action Code (PayPass) - Online,,CE,Card,H,3,3,,
Card Issuer Action Code (PayPass) - Decline,,CF,Card,H,3,3,,
Currency conversion table,,D1,Card,H,,,,
Integrated Data Storage Directory (IDSD),,D2,Card,b,var.,var.,,Directory of Integrated Data Storage records on the card.
Additional check table,,D3,Card,H,,,,
Application Control,,D5,Card,H,,,,
Default ARPC response code,,D6,Card,H,,,,
Application Control (PayPass),,D7,Card,H,3,3,,
AIP (PayPass),,D8,Card,H,2,2,,
AFL (PayPass),,D9,Card,H,12,16,,
Static CVC3-TRACK1,,DA,Card,H,2,2,,
Static CVC3-TRACK2,,DB,Card,H,2,2,,
IVCVC3-TRACK1,,DC,Card,H,2,2,,
IVCVC3-TRACK2,,DD,Card,H,2,2,,
Encrypted PIN Block in Tag 9F62 - ISO 95641 Format 0,,DF01,Card,H,,,,
PEK Version Number,,DF02,Card,H,,,,
PIN Try Limit,,DF03,Card,H,,,,
PIN Try Counter (VSDC Application),,DF04,Card,H,,,,
AIP - For VISA Contactless,,DF05,Card,H,,,,
Products permitted,,DF06,Card,H,,,,
Offline checks mandated,,DF07,Card,H,,,,
UDKmac,,DF08,Card,H,,,,
UDKenc,,DF09,Card,H,,,,
Retries Permitted Limit,,DF0B,Card,H,,,,
Script Message Update,,DF0C,Card,H,,,,
Fleet Issuer Action Code - Default,,DF0D,Card,H,,,,
Fleet Issuer Action Code - Denial,,DF0E,Card,H,,,,
Fleet Issuer Action Code - Online,,DF0F,Card,H,,,,
Vehicle Registration Number,,DF12,Card,A,,,,
DDA Public Modulus,,DF13,Card,H,,,,
Driver Name,,DF14,Card,A,,,,
Driver ID,,DF15,Card,A,,,,
Max Fill Volume,,DF16,Card,H,,,,
DDA Public Modulus Length,,DF17,Card,H,,,,
Mileage,,DF18,Card,H,,,,
Issuer Proprietary Bitmap (IPB),,DF20,Card,H,,,,
Internet Authentication Flag (IAF),,DF21,Card,H,,,,
Encrypted PEK - RFU,,DF22,Card,H,,,,
PEK Key Check Value - RFU,,DF23,Card,H,,,,
MDK - Key derivation Index,,DF24,Card,H,,,,
VISA DPA - MDK - Key derivation Index,,DF25,Card,H,,,,
Encrypted PIN Block - ISO 9564-1 Format 1 PIN Block (Thales P3 Format 05),,DF26,Card,H,,,,
qVSDC AIP,,DF40,Card,H,,,,
VSDC AIP,,DF41,Card,H,,,,
UDKac,,DF42,Card,H,,,,
UDKmac,,DF43,Card,H,,,,
UDKenc,,DF44,Card,H,,,,
UDKcvc,,DF47,Card,H,,,,
UDKac KCV,,DF48,Card,H,,,,
UDKmac KCV,,DF49,Card,H,,,,
UDKenc KCV,,DF4A,Card,H,,,,
UDKcvc KCV,,DF4B,Card,H,,,,
POS Cardholder Interaction Information,,DF4B,,b,3,3,,The POS Cardholder Interaction Information informs the Kernel about the indicators set in the mobile phone that may influence the action flow of the merchant and cardholder.
Grand Parent AC,,DF51,Card,H,,,,
Parent AC,,DF52,Card,H,,,,
Grand Parent MAC,,DF53,Card,H,,,,
Parent MAC,,DF54,Card,H,,,,
Grand Parent ENC,,DF55,Card,H,,,,
Terminal Action Code - Default,,DF56,Terminal,b5,,,,
Terminal Action Code - Decline,,DF57,Terminal,b5,,,,
Terminal Action Code - Online,,DF58,Terminal,b5,,,,
DS Input (Card),,DF60,Card,b,8,8,,Contains Terminal provided data if permanent data storage in the Card was applicable (DS Slot Management Control[8]=1b); remains applicable; or becomes applicable (DS ODS Info[8]=1b). Otherwise this data item is a filler to be supplied by the Kernel. The data is forwarded to the Card with the GENERATE AC command; as per DSDOL formatting.
DDA Component P,,DF60,Card,H,,,,
DDA Component Q,,DF61,Card,H,,,,
DS Digest H,,DF61,Card,b,8,8,,Contains the result of OWHF2(DS Input (Term)) or OWHF2AES(DS Input (Term)); if DS Input (Term) is provided by the Terminal. This data object is to be supplied to the Card with the GENERATE AC command; as per DSDOL formatting.
DS ODS Info,,DF62,Card,b,1,1,,Contains Terminal provided data to be forwarded to the Card with the GENERATE AC command; as per DSDOL formatting.
DDA Component D1,,DF62,Card,H,,,,
DDA Component D2,,DF63,Card,H,,,,
DS ODS Term,,DF63,Card,b,0,160,,Contains Terminal provided data to be forwarded to the Card with the GENERATE AC command; as per DSDOL formatting.
DDA Component Q Minus 1 Mod P,,DF64,Card,H,,,,
DDA Private Exponent,,DF65,Card,H,,,,
Paypass Contactless,,DF6B,Card,H,,,,
Dynamic Data Authentication Keys,,DF79,Card,H,,,,
DS Summary 2,,DF8101,Card,b,8,16,,This data allows the Kernel to check the consistency between DS Summary 1 and DS Summary 2; and so to ensure that DS ODS Card is provided by a genuine Card. It is located in the ICC Dynamic Data recovered from the Signed Dynamic Application Data.
DS Summary 3,,DF8102,Card,b,8,16,,This data allows the Kernel to check whether the Card has seen the same transaction data as were sent by the Terminal/Kernel. It is located in the ICC Dynamic Data recovered from the Signed Dynamic Application Data.
Balance Read Before Gen AC,,DF8104,,n 12,6,6,,The presence of Balance Read Before Gen AC in the TLV Database is an indication to the Kernel to read the offline balance from the Card before the GENERATE AC command. The Kernel stores the offline balance read from the Card in Balance Read Before Gen AC.
Balance Read After Gen AC,,DF8105,,n 12,6,6,,The presence of Balance Read After Gen AC in the TLV Database is an indication to the Kernel to read the offline balance from the Card after the GENERATE AC command. The Kernel stores the offline balance read from the Card in Balance Read After Gen AC.
Data Needed,,DF8106,Card,b,var.,var.,,List of tags included in the DEK signal to request information from the Terminal.
CDOL1 Related Data,,DF8107,Card,b,var.,var.,,Command data field of the GENERATE AC command; coded according to CDOL1.
DS AC Type,,DF8108,Card,b,1,1,,Contains the AC type indicated by the Terminal for which IDS data must be stored in the Card.
DS Input (Term),,DF8109,Card,b,8,8,,Contains Terminal provided data if permanent data storage in the Card was applicable (DS Slot Management Control[8]=1b); remains applicable or becomes applicable (DS ODS Info[8]=1b). DS Input (Term) is used by the Kernel as input to calculate DS Digest H.
DS ODS Info For Reader,,DF810A,Card,b,1,1,,Contains instructions from the Terminal on how to proceed with the transaction if:
DS Summary Status,,DF810B,Card,b,1,1,,Information reported by the Kernel to the Terminal about:
Kernel ID,,DF810C,,b,1,1,,Contains a value that uniquely identifies each Kernel. There is one occurrence of this data object for each Kernel in the Reader.
DSVN Term,,DF810D,Card,b,var.,var.,,Integrated data storage support by the Kernel depends on the presence of this data object. If it is absent; or is present with a length of zero; integrated data storage is not supported. Its value is '02' for this version of data storage functionality. This variable length data item has an initial byte that defines the maximum version number supported by the Terminal and a variable number of subsequent bytes that define how the Terminal supports earlier versions of the specification. As this is the first version; no legacy support is described and no additional bytes are present.
Post-Gen AC Put Data Status,,DF810E,,b,1,1,,Information reported by the Kernel to the Terminal; about the processing of PUT DATA commands after processing the GENERATE AC command. Possible values are 'completed' or 'not completed'. In the latter case; this status is not specific about which of the PUT DATA commands failed; or about how many of these commands have failed or succeeded. This data object is part of the Discretionary Data provided by the Kernel to the Terminal.
Pre-Gen AC Put Data Status,,DF810F,,b,1,1,,Information reported by the Kernel to the Terminal; about the processing of PUT DATA commands before sending the GENERATE AC command. Possible values are 'completed' or 'not completed'. In the latter case; this status is not specific about which of the PUT DATA commands failed; or about how many of these commands have failed or succeeded. This data object is part of the Discretionary Data provided by the Kernel to the Terminal.
Proceed To First Write Flag,,DF8110,,b,1,1,,Indicates that the Terminal will send no more requests to read data other than as indicated in Tags To Read. This data item indicates the point at which the Kernel shifts from the Card reading phase to the Card writing phase.�
PDOL Related Data,,DF8111,,b,var.,var.,,Command data field of the GET PROCESSING OPTIONS command; coded according to PDOL.
Tags To Read,,DF8112,,b,var.,var.,,List of tags indicating the data the Terminal has requested to be read. This data item is present if the Terminal wants any data back from the Card before the Data Record. This could be in the context of SDS; or for non data storage usage reasons; for example the PAN. This data item may contain configured data.
DRDOL Related Data,,DF8113,Card,b,var.,var.,,Command data field of the RECOVER AC command; coded according to DRDOL.
Reference Control Parameter,,DF8114,,b,1,1,,Working variable to store the reference control parameter of the GENERATE AC command.
Error Indication,,DF8115,Card,b,6,6,,Contains information regarding the nature of the error that has been encountered during the transaction processing. This data object is part of the Discretionary Data.
User Interface Request Data,,DF8116,,b,22,22,,Combines all parameters to be sent with the MSG signal.
Card Data Input Capability,,DF8117,Card,b,1,1,,Indicates the card data input capability of the Terminal and Reader. The Card Data Input Capability is coded according to Annex A.2 of [EMV Book 4].
CVM Capability - CVM Required,,DF8118,Card,b,1,1,,Indicates the CVM capability of the Terminal and Reader when the transaction amount is greater than the Reader CVM Required Limit. The CVM Capability - CVM Required is coded according to Annex A.2 of [EMV Book 4].
CVM Capability - No CVM Required,,DF8119,Card,b,1,1,,Indicates the CVM capability of the Terminal and Reader when the transaction amount is less than or equal to the Reader CVM Required Limit. The CVM Capability - No CVM Required is coded according to Annex A.2 of [EMV Book 4].
Default UDOL,,DF811A,Card,b,3,3,,The Default UDOL is the UDOL to be used for constructing the value field of the COMPUTE CRYPTOGRAPHIC CHECKSUM command if the UDOL in the Card is not present. The Default UDOL must contain as its only entry the tag and length of the Unpredictable Number (Numeric) and has the value: '9F6A04'.
Kernel Configuration,,DF811B,,b,1,1,,Indicates the Kernel configuration options.
Max Lifetime of Torn Transaction Log Record,,DF811C,,b,2,2,,Maximum time; in seconds; that a record can remain in the Torn Transaction Log.
Max Number of Torn Transaction Log Records,,DF811D,,b,1,1,,Indicates the maximum number of records that can be stored in the Torn Transaction Log.
Mag-stripe CVM Capability - CVM Required,,DF811E,,b,1,1,,Indicates the CVM capability of the Terminal/Reader in the case of a mag-stripe mode transaction when the Amount; Authorized (Numeric) is greater than the Reader CVM Required Limit.
Security Capability,,DF811F,,b,1,1,,Indicates the security capability of the Kernel. The Security Capability is coded according to Annex A.2 of [EMV Book 4].
Terminal Action Code - Default,,DF8120,,b,5,5,,Specifies the acquirer's conditions that cause a transaction to be rejected on an offline only Terminal.
Terminal Action Code - Denial,,DF8121,,b,5,5,,Specifies the acquirer's conditions that cause the denial of a transaction without attempting to go online.
Terminal Action Code - Online,,DF8122,,b,5,5,,Specifies the acquirer's conditions that cause a transaction to be transmitted online on an online capable Terminal.
Reader Contactless Floor Limit,,DF8123,,n 12,6,6,,Indicates the transaction amount above which transactions must be authorized online.
Reader Contactless Transaction Limit (No On-device CVM),,DF8124,,n 12,6,6,,Indicates the transaction amount above which the transaction is not allowed; when on device cardholder verification is not supported.
Reader Contactless Transaction Limit (On-device CVM),,DF8125,,n 12,6,6,,Indicates the transaction amount above which the transaction is not allowed; when on device cardholder verification is supported.
Reader CVM Required Limit,,DF8126,,n 12,6,6,,Indicates the transaction amount above which the Kernel instantiates the CVM capabilities field in Terminal Capabilities with CVM Capability - CVM Required.
Time Out Value,,DF8127,,b,2,2,,Defines the time in ms before the timer generates a TIMEOUT signal.
IDS Status,,DF8128,,b,1,1,,Indicates if the transaction performs an IDS read and/or write.
Outcome Parameter Set,,DF8129,,b,8,8,,This data object is used to indicate to the Terminal the outcome of the transaction processing by the Kernel. Its value is an accumulation of results about applicable parts of the transaction.
DD Card (Track1),,DF812A,Card,ans,0,56,,If Track 1 Data is present; then DD Card (Track1) contains a copy of the discretionary data field of Track 1 Data as returned by the Card in the file read using the READ RECORD command during a mag-stripe mode transaction (i.e. without Unpredictable Number (Numeric); Application Transaction Counter; CVC3 (Track1) and nUN included).
DD Card (Track2),,DF812B,Card,cn,0,8,,DD Card (Track2) contains a copy of the discretionary data field of Track 2 Data as returned by the Card in the file read using the READ RECORD command during a mag-stripe mode transaction (i.e. without Unpredictable Number (Numeric); Application Transaction Counter; CVC3 (Track2) and nUN included).
Mag-stripe CVM Capability - No CVM Required,,DF812C,Card,b,1,1,,Indicates the CVM capability of the Terminal/Reader in the case of a mag-stripe mode transaction when the Amount; Authorized (Numeric) is less than or equal to the Reader CVM Required Limit.
Message Hold Time,,DF812D,,n 6,3,3,,Indicates the default delay for the processing of the next MSG signal. The Message Hold Time is an integer in units of 100ms.
Hold Time Value,,DF8130,,b,1,1,,Indicates the time that the field is to be turned off after the transaction is completed if requested to do so by the cardholder device. The Hold Time Value is in units of 100ms.
Phone Message Table,,DF8131,,b,var.,var.,,The Phone Message Table is a variable length list of entries of eight bytes each; and defines for the selected AID the message and status identifiers as a function of the POS Cardholder Interaction Information. Each entry in the Phone Message Table contains the fields shown in the table below.
Visa International,,FF60,Card,H,,,,
Visa Magnetic Stripe,,FF62,Card,H,,,,
Visa Quick VSDC,,FF63,Card,H,,,,
Torn Record,,FF8101,,b,var.,var.,,A copy of a record from the Torn Transaction Log that is expired. Torn Record is sent to the Terminal as part of the Discretionary Data.
Tags To Write Before Gen AC,,FF8102,,b,var.,var.,,List of data objects indicating the Terminal data writing requests to be sent to the Card before processing the GENERATE AC command or the RECOVER AC command. This data object may be provided several times by the Terminal in a DET signal. Therefore; these values must be accumulated in Tags To Write Yet Before Gen AC buffer.
Tags To Write After Gen AC,,FF8103,,b,var.,var.,,Contains the Terminal data writing requests to be sent to the Card after processing the GENERATE AC command or the RECOVER AC command. The value of this data object is composed of a series of TLVs. This data object may be provided several times by the Terminal in a DET signal. Therefore; these values must be accumulated in Tags To Write Yet After Gen AC.
Data To Send,,FF8104,Card,b,var.,var.,,List of data objects that contains the accumulated data sent by the Kernel to the Terminal in a DEK signal. These data may correspond to Terminal reading requests; obtained from the Card by means of GET DATA or READ RECORD commands; or may correspond to data that the Kernel posts to the Terminal as part of its own processing.
Data Record,,FF8105,Card,b,var.,var.,,The Data Record is a list of TLV encoded data objects returned with the Outcome Parameter Set on the completion of transaction processing.
Discretionary Data,,FF8106,Card,b,var.,var.,,The Discretionary Data is a list of Kernel-specific data objects sent to the Terminal as a separate field in the OUT signal.